层,y区间,y中位,n,层内x_中位,切点1(分位),拟合T1(y),谷深1,切点2(分位),拟合T2(y),谷深2,合理占比,严重占比
1,"[0.74, 39.58]",21.75,1117,108.8,322.9,302.9,0.538,597.1,594.5,0.5,0.8326,0.0224
2,"[39.59, 71.99]",55.29,1117,130.3,560.4,510.8,0.649,919.9,943.1,0.419,0.8899,0.0098
3,"[72.03, 106.56]",88.83,1116,147.0,652.8,666.2,0.506,1221.6,1192.3,0.279,0.9077,0.0161
4,"[106.58, 148.45]",126.97,1117,189.9,807.9,813.8,0.549,1427.4,1422.7,0.327,0.9024,0.0134
5,"[148.48, 200.15]",173.36,1117,276.6,925.1,968.9,0.673,1694.6,1659.5,0.148,0.9176,0.0179
6,"[200.20, 268.57]",232.69,1116,307.3,959.1,1142.6,0.435,1942.3,1919.5,0.247,0.9265,0.0125
7,"[268.64, 355.08]",309.05,1117,384.0,1183.0,1339.5,0.433,2174.9,2208.8,0.242,0.923,0.0152
8,"[355.27, 475.20]",408.78,1116,517.1,1535.1,1566.7,0.365,2452.1,2536.4,0.183,0.9068,0.009
9,"[475.45, 676.11]",563.58,1117,639.8,1950.1,1875.4,0.599,2856.9,2972.9,0.237,0.8979,0.0098
10,"[676.56, 3171.47]",863.16,1117,1095.8,2902.2,2381.3,0.72,3856.1,3670.6,0.27,0.8299,0.0081
