特征,importance
claim_amount,1371.7000000000003
end_city_id,1314.3000000000002
start_city_id,1274.4
end_node_accident_rate,1247.4
start_node_accident_rate,1212.3999999999999
goods_category,1176.1
insure_amount,911.5
overtime_log_h,886.3
case_delay_log_h,881.0
start_node_claim_ratio,846.9
end_node_waybill_num_log,834.5
end_node_claim_ratio,828.4000000000001
start_node_waybill_num_log,825.7
insure_to_claim,718.8
consigner_freq,412.29999999999995
receiver_freq,332.79999999999995
log_claim,167.1
goods_level,120.9
case_delay_ms_flag,81.7
log_insure,66.8
abnormal_reason,50.7
is_c2c,39.5
source,38.8
bc_source,32.3
is_staff,30.299999999999997
customer_role,24.6
fresh_on_time,10.8
route_type,7.3999999999999995
overtime_spike_flag,4.5
case_delay_neg_flag,2.7
overtime_neg_flag,1.6
