b_mid,b_sev,macro_f1,dev_max_pp
-0.2,-0.8,0.6398,0.99
-0.3,-0.9,0.6398,0.99
-0.1,-0.7,0.6397,0.99
0.0,-0.6,0.6396,0.99
0.1,-0.5,0.6392,0.99
0.2,-0.4,0.639,0.99
0.3,-0.3,0.6383,0.99
-0.2,-0.7,0.6379,0.95
-0.3,-0.8,0.6379,0.95
-0.4,-0.9,0.6378,0.95
-0.1,-0.6,0.6377,0.95
0.0,-0.5,0.6377,0.95
0.4,-0.2,0.6373,0.99
0.1,-0.4,0.6372,0.95
0.2,-0.3,0.637,0.95
-0.5,-1.1,0.6367,0.99
-0.4,-1.0,0.6365,0.99
0.3,-0.2,0.6364,0.95
-0.6,-1.2,0.6363,0.99
-0.9,-1.5,0.6362,0.99
-0.8,-1.4,0.6362,0.99
0.6,0.0,0.6362,0.97
0.5,-0.1,0.6362,0.98
-0.7,-1.3,0.6361,0.99
-1.0,-1.6,0.6358,0.99
0.4,-0.1,0.6351,0.94
-0.5,-1.0,0.6349,0.96
-0.5,-0.9,0.6348,0.89
-0.1,-0.9,0.6346,1.05
-0.2,-0.6,0.6346,0.89
-0.3,-0.7,0.6346,0.89
0.7,0.1,0.6345,0.97
0.0,-0.8,0.6345,1.05
-0.4,-0.8,0.6345,0.89
-0.6,-1.1,0.6345,0.96
0.0,-0.4,0.6344,0.89
-0.1,-0.5,0.6344,0.89
-0.8,-1.3,0.6343,0.96
0.6,0.1,0.6343,0.93
-0.9,-1.4,0.6343,0.96
-0.2,-0.9,0.6343,1.04
0.8,0.2,0.6342,0.97
-0.7,-1.2,0.6342,0.96
0.0,-0.7,0.6341,1.04
0.1,-0.7,0.6341,1.05
-0.1,-0.8,0.6341,1.04
0.5,0.0,0.634,0.93
0.1,-0.3,0.634,0.89
-1.0,-1.5,0.6339,0.96
0.2,-0.6,0.6339,1.05
0.2,-0.2,0.6338,0.89
-1.1,-1.6,0.6337,0.96
0.1,-0.6,0.6337,1.04
0.2,-0.5,0.6335,1.04
-0.5,-0.5,0.6334,0.64
0.3,-0.5,0.6332,1.05
-0.3,-0.3,0.6332,0.64
-0.2,-0.2,0.6332,0.64
0.9,0.3,0.6331,1.07
-0.4,-0.4,0.6331,0.64
-0.5,-0.8,0.633,0.85
-0.6,-0.6,0.633,0.66
0.3,-0.1,0.6328,0.88
-0.9,-0.9,0.6328,0.7
0.3,-0.4,0.6328,1.04
-0.7,-0.7,0.6328,0.67
-0.8,-0.8,0.6328,0.7
-0.1,-0.1,0.6328,0.63
-0.2,-0.5,0.6328,0.85
-0.5,-0.4,0.6328,0.64
-0.3,-0.6,0.6328,0.85
-0.4,-0.7,0.6327,0.85
0.7,0.2,0.6326,0.93
0.0,-0.3,0.6326,0.85
-0.1,-0.4,0.6326,0.85
-0.4,-0.3,0.6326,0.63
-0.3,-0.2,0.6326,0.61
0.0,0.0,0.6325,0.62
-0.6,-0.9,0.6325,0.85
-0.6,-0.5,0.6324,0.66
-0.9,-0.8,0.6324,0.7
-0.2,-0.1,0.6324,0.6
-0.8,-0.7,0.6324,0.7
0.8,0.3,0.6323,0.93
-1.1,-1.7,0.6323,1.0
-0.5,-0.7,0.6323,0.82
0.4,-0.4,0.6323,1.05
-0.7,-0.6,0.6322,0.67
0.1,-0.2,0.6322,0.85
0.0,-0.9,0.6321,1.08
-0.3,-0.5,0.6321,0.82
-0.2,-0.4,0.6321,0.82
0.1,0.1,0.6321,0.62
-0.4,-0.6,0.632,0.82
-0.1,0.0,0.632,0.58
-0.5,-0.3,0.632,0.64
-1.0,-0.9,0.6319,0.72
0.0,-0.2,0.6319,0.82
0.0,0.1,0.6319,0.56
0.2,0.2,0.6319,0.62
-0.1,-0.3,0.6319,0.82
0.6,-0.2,0.6318,1.05
0.4,-0.3,0.6318,1.04
-0.6,-0.8,0.6318,0.82
0.2,-0.1,0.6317,0.84
0.1,-0.8,0.6317,1.08
-0.4,-0.2,0.6317,0.63
0.4,0.0,0.6316,0.87
-0.5,-1.3,0.6316,1.06
-1.2,-1.8,0.6316,1.0
-0.7,-0.9,0.6316,0.82
-0.9,-0.7,0.6315,0.7
0.5,-0.3,0.6315,1.05
-0.6,-0.4,0.6315,0.66
-1.3,-1.9,0.6315,1.0
-0.3,-0.1,0.6315,0.6
0.2,-0.7,0.6315,1.08
0.1,0.2,0.6315,0.53
1.0,0.4,0.6314,1.22
-0.6,-1.0,0.6313,0.9
-0.7,-0.5,0.6313,0.67
-0.4,-1.2,0.6313,1.06
0.2,0.3,0.6313,0.53
-0.2,-1.0,0.6313,1.06
-0.2,0.0,0.6313,0.59
-0.3,-1.1,0.6313,1.06
0.3,0.3,0.6312,0.62
-0.8,-0.6,0.6312,0.69
0.9,0.4,0.6312,1.04
0.1,-0.1,0.6312,0.81
-0.5,-1.2,0.6311,1.05
-0.9,-1.3,0.6311,0.9
-0.1,0.1,0.6311,0.58
0.0,0.2,0.6311,0.56
0.6,0.2,0.6311,0.87
-0.8,-1.2,0.6311,0.9
-0.6,-1.4,0.6311,1.06
-0.7,-1.1,0.6311,0.9
-0.5,-0.1,0.6311,0.64
0.5,-0.2,0.631,1.04
-0.8,-1.6,0.631,1.06
0.6,-0.1,0.631,1.03
-1.0,-0.8,0.631,0.72
-0.3,-1.0,0.6309,1.05
-0.6,-0.2,0.6309,0.66
-0.7,-1.5,0.6309,1.06
0.5,0.1,0.6308,0.87
-0.4,-1.1,0.6308,1.05
-1.1,-0.9,0.6308,0.73
0.3,-0.6,0.6308,1.08
0.2,0.0,0.6307,0.81
0.1,0.3,0.6307,0.53
-0.7,-0.3,0.6307,0.67
-0.6,-1.3,0.6307,1.05
-1.0,-1.4,0.6307,0.9
0.3,0.4,0.6307,0.53
0.3,0.0,0.6307,0.83
-0.3,0.1,0.6307,0.59
-0.2,0.2,0.6307,0.59
-0.9,-0.5,0.6306,0.69
-0.8,-0.4,0.6306,0.69
-0.4,0.0,0.6306,0.61
-0.1,0.3,0.6306,0.58
-1.4,-2.0,0.6306,1.0
-0.9,-1.6,0.6305,1.05
-0.7,-1.4,0.6305,1.05
0.2,0.4,0.6305,0.51
-0.8,-1.5,0.6305,1.05
-1.1,-1.5,0.6305,0.9
0.0,0.4,0.6305,0.56
0.4,0.4,0.6303,0.62
-1.5,-2.1,0.6303,1.0
-1.1,-0.7,0.6302,0.73
-1.0,-0.6,0.6302,0.71
0.3,0.1,0.63,0.81
-0.5,-0.6,0.6299,0.7
0.1,0.5,0.6299,0.52
0.4,-0.5,0.6299,1.08
-0.5,-0.2,0.6298,0.64
0.4,0.1,0.6298,0.83
-1.2,-1.6,0.6298,0.9
0.7,-0.1,0.6298,1.04
-1.2,-1.7,0.6297,0.97
-1.0,-1.0,0.6297,0.73
-1.3,-1.8,0.6297,0.97
-0.2,-0.3,0.6297,0.7
-0.3,-0.4,0.6297,0.7
0.2,0.6,0.6297,0.48
-0.4,-0.5,0.6296,0.7
-1.3,-0.9,0.6296,0.81
-0.1,-0.2,0.6296,0.7
0.3,0.5,0.6296,0.5
0.6,0.6,0.6295,0.61
-1.1,-1.1,0.6295,0.73
-1.2,-0.8,0.6295,0.77
-0.6,-0.7,0.6295,0.7
0.4,0.5,0.6295,0.52
0.7,0.3,0.6294,0.87
-0.6,-0.3,0.6294,0.66
-0.8,-1.1,0.6294,0.86
-0.9,-1.2,0.6294,0.86
-0.8,-0.9,0.6293,0.7
-0.7,-1.0,0.6293,0.86
0.0,-0.1,0.6293,0.69
-0.7,-0.8,0.6293,0.7
0.6,0.3,0.6293,0.83
0.6,-0.3,0.6293,1.08
-0.4,-0.1,0.6293,0.62
-0.2,0.1,0.6292,0.59
-0.3,0.0,0.6292,0.59
0.5,0.5,0.6292,0.61
0.8,0.0,0.6292,1.03
1.0,0.5,0.6292,1.18
-0.7,-0.4,0.6292,0.67
-1.1,-1.0,0.6291,0.73
-0.9,-0.6,0.6291,0.69
0.4,0.2,0.6291,0.81
0.8,0.4,0.6291,0.87
-0.8,-0.5,0.6291,0.69
0.5,-0.4,0.6291,1.08
-0.5,-1.4,0.629,1.09
0.7,0.0,0.629,1.02
0.0,0.3,0.629,0.56
-0.1,0.2,0.629,0.58
0.5,0.2,0.629,0.83
-1.3,-1.3,0.6289,0.81
-1.0,-0.7,0.6289,0.72
-1.0,-1.3,0.6289,0.86
1.1,0.5,0.6289,1.37
-0.3,-1.2,0.6288,1.09
0.6,0.7,0.6288,0.51
-1.4,-1.9,0.6288,0.97
0.3,0.7,0.6288,0.43
-0.2,-1.1,0.6288,1.09
-0.1,-1.0,0.6287,1.09
-1.2,-1.2,0.6287,0.78
0.5,0.6,0.6287,0.52
-0.4,-1.3,0.6287,1.09
-1.1,-1.4,0.6287,0.86
-0.8,-1.0,0.6287,0.83
-1.1,-0.8,0.6287,0.73
0.8,0.1,0.6287,1.02
-0.9,-1.1,0.6287,0.83
0.4,0.6,0.6286,0.5
0.6,0.4,0.6286,0.81
0.1,0.4,0.6286,0.53
0.1,0.0,0.6286,0.68
-0.6,-1.5,0.6286,1.09
-1.5,-2.0,0.6285,0.97
-1.3,-1.2,0.6285,0.81
-0.7,-1.6,0.6284,1.09
-1.2,-1.1,0.6284,0.78
0.2,0.1,0.6284,0.68
0.5,0.3,0.6283,0.81
-1.0,-1.2,0.6283,0.83
-1.1,-1.3,0.6281,0.83
0.9,0.1,0.6281,1.14
-1.6,-2.1,0.6281,0.97
-1.4,-1.4,0.6281,0.88
-1.5,-1.4,0.6281,0.9
0.2,0.5,0.6281,0.48
-1.2,-1.5,0.628,0.86
-1.6,-1.5,0.6279,0.95
-1.2,-0.9,0.6279,0.77
-1.3,-1.6,0.6279,0.86
-1.5,-1.5,0.6278,0.9
-1.4,-1.3,0.6278,0.86
0.9,0.5,0.6277,0.98
-1.3,-1.1,0.6277,0.81
0.6,0.8,0.6277,0.48
0.9,0.2,0.6277,1.13
0.3,0.2,0.6277,0.68
0.4,0.8,0.6276,0.39
0.5,0.7,0.6276,0.49
-0.9,-1.7,0.6276,1.07
0.7,0.4,0.6276,0.83
0.7,0.7,0.6276,0.6
-0.5,0.0,0.6276,0.63
0.7,-0.2,0.6276,1.08
0.3,0.6,0.6275,0.46
-1.6,-1.6,0.6275,0.95
-1.2,-1.0,0.6275,0.78
-0.3,0.2,0.6274,0.59
-0.2,0.3,0.6274,0.59
-0.8,-0.3,0.6273,0.69
-0.7,-0.2,0.6273,0.67
-0.9,-0.4,0.6273,0.69
-0.6,-0.1,0.6273,0.65
-0.4,0.1,0.6273,0.61
-1.2,-1.4,0.6273,0.83
-1.3,-1.5,0.6273,0.83
-0.1,0.4,0.6272,0.58
-1.0,-1.8,0.6271,1.07
0.0,0.5,0.627,0.55
0.8,0.5,0.627,0.82
1.1,0.6,0.627,1.33
0.8,0.8,0.627,0.61
0.8,-0.1,0.627,1.07
-1.1,-1.9,0.6269,1.07
-1.6,-1.4,0.6269,0.94
-1.4,-1.2,0.6269,0.86
-1.7,-1.6,0.6269,1.0
-1.0,-0.5,0.6268,0.71
1.2,0.6,0.6268,1.54
-1.5,-1.3,0.6268,0.88
0.4,0.3,0.6268,0.68
0.7,0.8,0.6268,0.5
-1.5,-1.1,0.6267,0.88
-1.0,-1.7,0.6267,1.06
-1.3,-1.7,0.6266,0.9
0.1,0.6,0.6266,0.52
-1.4,-1.0,0.6266,0.85
0.7,0.5,0.6266,0.8
0.5,0.9,0.6266,0.39
-1.1,-0.6,0.6266,0.72
-1.3,-0.8,0.6266,0.81
-1.6,-2.2,0.6266,1.01
-1.1,-1.8,0.6265,1.06
-0.9,-1.0,0.6265,0.71
-1.2,-0.7,0.6265,0.77
0.6,1.0,0.6264,0.37
1.0,0.2,0.6264,1.28
0.4,0.7,0.6263,0.45
-1.4,-1.6,0.6263,0.88
0.8,0.6,0.6263,0.8
-1.6,-1.2,0.6263,0.92
0.8,0.9,0.6263,0.52
-1.2,-2.0,0.6262,1.07
-1.3,-2.1,0.6262,1.07
-1.7,-1.5,0.6261,1.0
-1.0,-1.1,0.6261,0.73
0.6,0.5,0.6261,0.67
0.2,0.7,0.6261,0.47
-1.4,-0.9,0.6261,0.84
0.9,0.6,0.626,0.94
0.5,0.4,0.626,0.68
1.0,0.6,0.626,1.12
1.0,0.3,0.6259,1.27
-1.1,-1.2,0.6259,0.73
-1.2,-1.9,0.6258,1.06
0.9,0.9,0.6258,0.73
-1.3,-2.0,0.6257,1.06
0.9,0.0,0.6257,1.17
-1.4,-1.8,0.6257,0.9
0.7,0.9,0.6257,0.47
-1.3,-1.0,0.6256,0.81
-1.3,-1.4,0.6255,0.82
0.6,0.9,0.6254,0.43
-1.5,-1.9,0.6254,0.91
0.5,0.8,0.6253,0.44
-1.7,-1.3,0.6253,0.98
-1.4,-1.1,0.6252,0.86
0.3,0.8,0.6252,0.42
-1.8,-1.6,0.6252,1.04
-1.5,-1.2,0.6251,0.88
-0.5,0.1,0.6251,0.63
-1.2,-1.3,0.6251,0.78
0.9,0.7,0.625,0.91
0.8,1.0,0.625,0.5
-1.6,-2.0,0.625,0.96
-0.8,-1.7,0.6249,1.1
-0.2,0.4,0.6249,0.59
-0.9,-1.8,0.6249,1.1
-0.3,0.3,0.6249,0.59
-1.8,-1.4,0.6248,1.03
0.9,1.0,0.6248,0.64
-1.4,-2.1,0.6248,1.06
-0.4,0.2,0.6248,0.61
-1.6,-1.3,0.6247,0.92
-0.9,-0.3,0.6247,0.69
-0.8,-0.2,0.6247,0.69
1.2,0.7,0.6246,1.5
-0.6,0.0,0.6246,0.64
-0.7,-0.1,0.6246,0.66
-0.5,0.2,0.6246,0.63
0.1,-0.9,0.6245,1.1
-1.0,-1.9,0.6245,1.1
0.7,1.1,0.6245,0.36
-1.4,-1.5,0.6245,0.88
0.0,0.6,0.6245,0.55
-0.1,0.5,0.6245,0.57
-0.3,0.4,0.6244,0.59
0.7,0.6,0.6243,0.67
0.2,-0.8,0.6243,1.1
-0.4,0.3,0.6243,0.61
-1.1,-2.0,0.6243,1.1
-1.0,-0.4,0.6243,0.71
-1.5,-1.6,0.6242,0.9
1.1,0.3,0.6242,1.43
-0.9,-0.2,0.6242,0.69
-0.2,0.5,0.6242,0.58
-1.3,-0.7,0.6241,0.81
-1.7,-1.4,0.6241,0.99
-1.1,-0.5,0.6241,0.72
0.4,0.9,0.6241,0.35
-0.6,0.1,0.6241,0.64
1.0,0.7,0.624,1.08
-1.7,-2.1,0.624,1.01
-0.8,-0.1,0.624,0.68
-0.1,0.6,0.624,0.57
-1.7,-2.2,0.6239,1.02
-0.7,0.0,0.6239,0.65
-1.4,-1.7,0.6239,0.89
-1.9,-1.5,0.6239,1.11
1.0,0.1,0.6239,1.32
-1.0,-0.3,0.6238,0.71
0.1,0.7,0.6238,0.51
0.8,0.7,0.6238,0.67
0.8,1.2,0.6238,0.41
0.0,0.7,0.6238,0.54
1.1,0.4,0.6237,1.42
-1.7,-1.7,0.6237,1.01
0.9,1.1,0.6237,0.62
-1.5,-1.8,0.6237,0.91
0.3,-0.7,0.6236,1.1
-1.2,-2.1,0.6236,1.1
-1.5,-1.0,0.6236,0.87
-1.1,-0.4,0.6235,0.72
1.3,0.7,0.6235,1.77
1.0,1.0,0.6235,0.87
-1.2,-0.6,0.6235,0.75
-1.4,-0.8,0.6235,0.84
1.1,0.7,0.6235,1.27
-1.6,-1.1,0.6234,0.92
0.2,0.8,0.6234,0.47
-1.8,-1.5,0.6234,1.04
-1.8,-1.7,0.6234,1.05
-1.5,-0.9,0.6234,0.86
-1.6,-1.9,0.6233,0.96
0.7,1.0,0.6232,0.41
-2.0,-1.6,0.6232,1.16
0.1,0.8,0.6232,0.5
-1.3,-0.6,0.6231,0.79
-1.2,-0.5,0.623,0.75
-1.4,-0.7,0.623,0.84
1.0,0.8,0.623,1.06
-1.5,-1.7,0.623,0.91
-1.5,-0.8,0.6229,0.86
1.0,1.1,0.6228,0.78
-1.8,-1.8,0.6228,1.05
0.2,0.9,0.6228,0.46
-1.7,-1.2,0.6228,0.98
0.5,1.0,0.6227,0.29
-1.7,-2.3,0.6227,1.05
0.8,1.1,0.6227,0.46
-1.6,-1.8,0.6226,0.96
0.3,0.9,0.6226,0.41
0.4,-0.6,0.6226,1.1
0.6,1.1,0.6226,0.28
0.9,0.8,0.6225,0.79
-1.6,-0.9,0.6225,0.9
-1.9,-1.6,0.6224,1.11
-1.7,-2.0,0.6223,1.01
-1.9,-1.8,0.6223,1.12
1.2,0.4,0.6221,1.6
0.6,-0.4,0.6221,1.1
0.9,1.3,0.6221,0.53
-1.9,-1.9,0.622,1.13
-1.8,-1.3,0.6219,1.01
0.5,-0.5,0.6218,1.1
-2.0,-1.9,0.6218,1.17
1.1,0.2,0.6218,1.47
-1.4,-2.2,0.6218,1.07
-0.5,-1.5,0.6217,1.11
-1.7,-1.9,0.6217,1.01
1.0,1.2,0.6215,0.76
0.3,1.0,0.6215,0.39
-1.9,-1.7,0.6215,1.12
1.1,0.8,0.6215,1.24
-0.2,-1.2,0.6215,1.11
-0.3,-1.3,0.6215,1.11
-2.0,-2.0,0.6214,1.18
1.2,0.5,0.6214,1.59
-1.8,-2.4,0.6214,1.1
-1.8,-2.1,0.6214,1.05
1.3,0.8,0.6214,1.74
-1.9,-1.4,0.6214,1.09
-0.4,-1.4,0.6214,1.11
-0.1,-1.1,0.6214,1.11
-0.6,-1.6,0.6213,1.11
-0.9,-1.9,0.6213,1.11
0.0,-1.0,0.6213,1.11
-0.8,-1.8,0.6213,1.11
-0.5,0.3,0.6212,0.63
1.2,0.8,0.6212,1.44
0.9,1.2,0.6212,0.57
-1.5,-2.2,0.6211,1.07
1.1,1.1,0.6211,1.02
-0.7,-1.7,0.6211,1.11
0.2,-0.9,0.6211,1.13
0.4,1.0,0.621,0.32
-1.6,-1.7,0.621,0.96
-0.9,-0.1,0.621,0.68
-2.0,-1.5,0.621,1.16
-0.4,0.4,0.6209,0.61
-0.8,0.0,0.6208,0.67
-1.0,-2.0,0.6208,1.11
-1.8,-2.0,0.6208,1.05
-0.3,0.5,0.6208,0.58
-0.2,0.6,0.6208,0.58
-0.7,0.1,0.6207,0.64
1.4,0.8,0.6207,1.98
-1.0,-0.2,0.6207,0.71
-1.6,-1.0,0.6207,0.91
-2.0,-1.8,0.6207,1.16
-0.6,0.2,0.6207,0.64
-1.1,-2.1,0.6206,1.11
1.1,0.9,0.6206,1.21
1.0,0.9,0.6206,0.93
-0.5,-1.9,0.6206,1.19
-0.5,-2.0,0.6206,1.19
-0.5,-1.8,0.6206,1.19
0.7,1.2,0.6205,0.26
-0.1,0.7,0.6205,0.56
-1.1,-0.3,0.6205,0.72
0.7,-0.3,0.6204,1.1
0.3,-0.8,0.6204,1.13
0.4,1.1,0.6204,0.31
-0.4,-1.7,0.6203,1.19
-0.4,-1.9,0.6203,1.19
-0.4,-1.8,0.6203,1.19
-0.2,-1.5,0.6203,1.19
-0.3,-1.7,0.6203,1.19
-0.3,-1.8,0.6203,1.19
-0.3,-1.6,0.6203,1.19
-0.2,-1.6,0.6203,1.19
-0.9,-2.3,0.6203,1.2
-0.9,-2.4,0.6203,1.2
-0.2,-1.7,0.6203,1.19
-1.7,-1.1,0.6203,0.96
-0.8,-2.3,0.6203,1.2
-1.8,-2.2,0.6202,1.07
-0.1,-1.4,0.6202,1.19
-0.1,-1.5,0.6202,1.19
0.0,0.8,0.6202,0.53
-0.1,-1.6,0.6202,1.19
-0.9,-2.2,0.6201,1.19
0.5,1.1,0.6201,0.21
-1.8,-2.3,0.6201,1.1
-0.6,-2.1,0.6201,1.19
-0.8,-2.1,0.6201,1.19
0.0,-1.4,0.6201,1.19
0.0,-1.3,0.6201,1.19
0.8,-0.2,0.6201,1.1
-1.3,-0.5,0.6201,0.79
-0.6,-2.0,0.6201,1.19
1.1,1.2,0.6201,0.93
0.0,-1.5,0.6201,1.19
-0.8,-2.2,0.6201,1.19
-0.6,-1.9,0.6201,1.19
-1.3,-2.2,0.62,1.11
-1.9,-2.5,0.62,1.21
-1.7,-1.8,0.62,1.01
-1.2,-0.4,0.62,0.75
-0.7,-2.2,0.6199,1.19
1.0,1.4,0.6199,0.67
-0.7,-2.0,0.6199,1.19
-0.7,-2.1,0.6199,1.19
-1.0,-2.3,0.6199,1.2
-1.1,-2.6,0.6199,1.21
-1.0,-2.5,0.6199,1.2
-1.0,-2.4,0.6199,1.2
-1.5,-0.7,0.6198,0.86
0.6,1.2,0.6198,0.2
-1.8,-1.2,0.6197,1.01
0.1,-1.2,0.6197,1.19
0.1,-1.3,0.6197,1.19
1.2,0.3,0.6197,1.64
0.1,-1.4,0.6197,1.19
-1.1,-2.4,0.6197,1.2
-1.1,-2.5,0.6197,1.2
0.1,0.9,0.6196,0.49
0.8,1.3,0.6196,0.33
-1.4,-0.6,0.6196,0.82
-1.7,-1.0,0.6196,0.95
0.2,-1.3,0.6195,1.19
0.2,-1.2,0.6195,1.19
0.4,-0.7,0.6195,1.13
0.2,-1.1,0.6195,1.19
-1.6,-0.8,0.6194,0.9
-1.9,-2.1,0.6193,1.14
-1.2,-2.6,0.6193,1.21
-1.2,-2.7,0.6193,1.21
0.5,1.2,0.6192,0.2
1.2,0.9,0.6192,1.41
-1.3,-2.8,0.6192,1.22
-2.0,-2.6,0.6192,1.29
-0.5,0.4,0.6191,0.69
-1.8,-1.9,0.6191,1.05
-1.2,-2.5,0.6191,1.2
-1.3,-2.6,0.619,1.21
-1.3,-2.7,0.619,1.21
0.6,-0.5,0.619,1.13
-2.0,-1.7,0.619,1.16
0.2,1.0,0.6189,0.44
1.0,1.3,0.6189,0.72
-1.8,-1.1,0.6189,0.99
1.3,0.5,0.6189,1.84
-1.9,-1.3,0.6189,1.07
-0.2,-3.0,0.6189,1.26
-0.5,-1.7,0.6189,1.15
0.3,-1.0,0.6188,1.19
0.9,-0.1,0.6188,1.19
0.3,-1.2,0.6188,1.19
0.3,-1.1,0.6188,1.19
-1.7,-0.9,0.6188,0.94
0.6,1.3,0.6188,0.11
0.0,-2.9,0.6187,1.26
0.0,-3.0,0.6187,1.26
1.1,1.3,0.6187,0.91
-0.1,-3.0,0.6187,1.26
-0.1,-2.9,0.6187,1.26
0.0,-2.8,0.6187,1.26
-0.3,0.6,0.6187,0.65
-0.5,-3.0,0.6187,1.25
-0.5,-2.8,0.6187,1.25
-0.5,-2.7,0.6187,1.25
-0.5,-2.9,0.6187,1.25
0.5,-0.6,0.6187,1.13
-0.3,-1.5,0.6187,1.15
-0.5,-2.6,0.6187,1.25
-0.9,0.0,0.6187,0.73
-0.2,-1.4,0.6187,1.15
-0.7,0.2,0.6186,0.71
-0.4,-1.6,0.6186,1.15
-1.4,-2.9,0.6186,1.23
-0.6,0.3,0.6186,0.71
-0.4,0.5,0.6186,0.67
1.4,0.9,0.6186,1.94
1.2,1.2,0.6185,1.19
-0.8,0.1,0.6185,0.73
-0.5,-1.6,0.6185,1.14
-0.3,-2.9,0.6185,1.25
-0.3,-2.7,0.6185,1.25
-0.3,-2.6,0.6185,1.25
-0.3,-2.8,0.6185,1.25
-0.3,-2.4,0.6185,1.25
-0.3,-2.5,0.6185,1.25
-0.2,-2.8,0.6185,1.25
-0.2,-2.6,0.6185,1.25
-0.2,-2.5,0.6185,1.25
-1.9,-2.4,0.6185,1.2
-0.3,-3.0,0.6185,1.25
-0.2,-2.4,0.6185,1.25
-0.2,-2.7,0.6185,1.25
-0.2,-2.9,0.6185,1.25
-2.0,-1.4,0.6185,1.14
-0.2,0.7,0.6185,0.65
-0.2,-2.3,0.6185,1.25
0.0,-1.2,0.6185,1.15
-0.1,-1.3,0.6185,1.15
-0.4,-2.5,0.6184,1.25
-0.4,-2.6,0.6184,1.25
-1.1,-0.2,0.6184,0.75
-0.4,-3.0,0.6184,1.25
-0.4,-2.9,0.6184,1.25
-0.4,-2.8,0.6184,1.25
-1.9,-1.2,0.6184,1.07
-1.0,-0.1,0.6184,0.74
-0.6,-1.8,0.6184,1.15
-1.4,-2.8,0.6184,1.22
-0.8,-2.0,0.6184,1.15
-1.5,-2.3,0.6184,1.1
-0.4,-2.7,0.6184,1.25
-0.9,-2.1,0.6184,1.15
1.3,0.6,0.6184,1.83
-0.1,-2.6,0.6183,1.25
-0.5,-2.4,0.6183,1.24
-0.1,-2.7,0.6183,1.25
-0.1,-2.8,0.6183,1.25
-0.1,-2.2,0.6183,1.25
-0.1,-2.5,0.6183,1.25
-0.1,-2.4,0.6183,1.25
-0.1,-2.3,0.6183,1.25
-0.3,-1.4,0.6183,1.14
0.0,-2.6,0.6183,1.25
0.0,-2.5,0.6183,1.25
0.0,-2.3,0.6183,1.25
0.1,-2.8,0.6183,1.26
0.1,-3.0,0.6183,1.26
0.0,-2.2,0.6183,1.25
0.1,-2.9,0.6183,1.26
0.0,-2.7,0.6183,1.25
0.0,-2.4,0.6183,1.25
-0.5,-2.5,0.6183,1.24
-0.2,-1.3,0.6183,1.14
0.1,-2.7,0.6183,1.26
-1.5,-2.9,0.6183,1.23
-1.5,-3.0,0.6183,1.23
0.0,-2.1,0.6183,1.25
-0.4,-1.5,0.6182,1.14
-1.4,-2.7,0.6182,1.21
-0.7,-1.9,0.6182,1.15
-0.1,0.8,0.6182,0.64
0.9,1.4,0.6182,0.45
-0.3,-2.3,0.6181,1.24
-0.3,-2.2,0.6181,1.24
-0.2,-2.2,0.6181,1.24
-0.6,-1.7,0.6181,1.14
0.3,1.1,0.6181,0.39
-0.1,-1.2,0.6181,1.14
0.0,-1.1,0.6181,1.14
-1.5,-2.8,0.6181,1.22
-0.2,-2.1,0.6181,1.24
1.3,0.9,0.618,1.67
1.2,1.0,0.618,1.38
-1.1,-2.3,0.618,1.16
-0.8,-1.9,0.618,1.14
0.2,-2.8,0.618,1.26
0.2,-2.9,0.618,1.26
0.1,-1.1,0.618,1.15
0.2,-2.7,0.618,1.26
0.2,-3.0,0.618,1.26
-1.6,-2.4,0.618,1.1
0.0,0.9,0.618,0.62
-0.9,-2.0,0.618,1.14
-1.0,-2.2,0.618,1.15
-0.4,-2.3,0.618,1.24
-0.4,-2.4,0.618,1.24
0.2,-2.6,0.618,1.26
-1.9,-2.0,0.6179,1.13
-0.5,-2.3,0.6179,1.24
-0.1,-2.1,0.6179,1.24
-1.6,-2.9,0.6179,1.23
1.1,1.0,0.6179,1.08
-1.6,-3.0,0.6179,1.23
0.1,-2.1,0.6179,1.25
0.1,-2.2,0.6179,1.25
-1.3,-0.4,0.6179,0.82
0.1,-2.0,0.6179,1.25
0.1,-2.6,0.6179,1.25
0.0,-2.0,0.6179,1.24
0.0,-1.9,0.6179,1.24
-0.1,-2.0,0.6179,1.24
0.1,-2.5,0.6179,1.25
0.1,-2.4,0.6179,1.25
0.1,-2.3,0.6179,1.25
-0.8,-3.0,0.6178,1.25
-0.8,-2.8,0.6178,1.25
-1.2,-0.3,0.6178,0.79
-0.8,-2.9,0.6178,1.25
-0.8,-2.7,0.6178,1.25
-0.6,-2.7,0.6178,1.25
-0.6,-2.6,0.6178,1.25
-0.9,-2.9,0.6178,1.25
-0.9,-2.8,0.6178,1.25
-0.9,-3.0,0.6178,1.25
-0.6,-2.9,0.6178,1.25
-0.6,-2.8,0.6178,1.25
-0.6,-3.0,0.6178,1.25
-0.7,-1.8,0.6178,1.14
0.2,-1.0,0.6178,1.15
0.4,-0.9,0.6178,1.19
0.4,-1.0,0.6178,1.19
0.4,-1.1,0.6178,1.19
-2.0,-2.5,0.6177,1.28
-0.2,-2.0,0.6177,1.24
0.1,-1.0,0.6177,1.14
0.3,-3.0,0.6177,1.27
-0.6,-2.5,0.6177,1.24
-0.3,-2.1,0.6177,1.24
0.2,-2.0,0.6176,1.25
-0.7,-3.0,0.6176,1.25
-0.7,-2.7,0.6176,1.25
-0.7,-2.9,0.6176,1.25
-0.7,-2.6,0.6176,1.25
-0.7,-2.8,0.6176,1.25
0.2,-2.1,0.6176,1.25
0.2,-2.3,0.6176,1.25
0.2,-2.4,0.6176,1.25
0.2,-2.5,0.6176,1.25
-2.0,-1.3,0.6176,1.12
0.2,-1.9,0.6176,1.25
-1.0,-2.1,0.6176,1.14
-0.4,-2.2,0.6176,1.24
-1.6,-2.3,0.6176,1.09
0.2,-2.2,0.6176,1.25
0.1,-1.8,0.6175,1.24
0.0,-1.8,0.6175,1.24
0.7,1.3,0.6175,0.18
-0.1,-1.9,0.6175,1.24
0.1,-1.9,0.6175,1.24
1.2,1.3,0.6174,1.1
-1.4,-0.5,0.6174,0.86
-0.8,-2.6,0.6174,1.24
-1.2,-2.4,0.6174,1.16
-1.1,-2.2,0.6174,1.14
-1.0,-2.9,0.6174,1.25
-1.0,-3.0,0.6174,1.25
-0.9,-2.7,0.6174,1.24
1.5,0.9,0.6174,2.2
-0.5,-2.2,0.6174,1.22
0.6,-0.9,0.6173,1.19
0.3,-2.9,0.6173,1.26
0.3,-2.5,0.6173,1.26
-1.5,-0.6,0.6173,0.88
1.1,1.5,0.6173,0.82
0.3,-2.6,0.6173,1.26
0.3,-2.8,0.6173,1.26
0.2,-1.8,0.6173,1.24
0.2,-1.7,0.6173,1.24
0.3,-2.7,0.6173,1.26
-0.6,-2.4,0.6173,1.24
-0.9,-2.6,0.6173,1.24
0.6,-0.8,0.6173,1.19
0.6,-0.7,0.6173,1.19
-0.6,-2.3,0.6172,1.23
-0.3,-2.0,0.6172,1.22
-0.2,-1.9,0.6172,1.22
-1.6,-0.7,0.6172,0.92
0.7,-0.4,0.6172,1.13
-2.0,-2.1,0.6171,1.19
-0.4,-2.1,0.6171,1.22
0.1,-1.7,0.6171,1.24
-0.8,-2.5,0.6171,1.23
0.3,-0.9,0.6171,1.15
-1.3,-2.5,0.6171,1.16
-0.1,-1.8,0.6171,1.22
0.5,-0.8,0.617,1.19
-1.9,-2.2,0.617,1.16
-1.7,-2.5,0.617,1.1
-1.1,-3.0,0.617,1.25
0.5,-0.9,0.617,1.19
-0.7,-2.4,0.617,1.23
0.1,1.0,0.617,0.59
-1.2,-2.3,0.617,1.15
-0.7,-2.5,0.617,1.24
0.0,-1.7,0.617,1.22
0.5,-1.0,0.617,1.19
-0.5,-2.1,0.617,1.21
-1.0,-2.8,0.617,1.24
0.3,-2.4,0.6169,1.25
0.3,-2.3,0.6169,1.25
0.2,-1.6,0.6169,1.24
0.3,-2.2,0.6169,1.25
-1.0,-2.7,0.6169,1.24
0.3,-2.0,0.6169,1.25
0.3,-1.9,0.6169,1.25
0.8,-0.3,0.6169,1.13
0.3,-2.1,0.6169,1.25
0.3,-1.8,0.6169,1.25
1.3,0.4,0.6168,1.87
1.0,0.0,0.6168,1.33
-0.2,-1.8,0.6168,1.21
0.4,1.2,0.6168,0.33
-0.3,-1.9,0.6168,1.21
0.8,1.4,0.6168,0.27
-0.1,-1.7,0.6167,1.21
-1.3,-2.4,0.6167,1.15
-0.4,-2.0,0.6167,1.21
0.4,-2.9,0.6167,1.27
0.7,1.4,0.6167,0.1
0.4,-3.0,0.6167,1.27
-0.9,-2.5,0.6167,1.22
-1.7,-3.0,0.6167,1.23
-0.8,-2.4,0.6167,1.22
0.2,1.1,0.6167,0.56
-1.7,-2.4,0.6166,1.09
-1.1,-2.9,0.6166,1.24
-0.6,-2.2,0.6166,1.21
-1.5,-2.7,0.6166,1.18
0.1,-1.6,0.6166,1.22
-0.7,-2.3,0.6166,1.22
0.0,-1.6,0.6166,1.21
-1.3,-2.3,0.6166,1.14
-1.7,-0.8,0.6166,0.96
-1.0,-2.6,0.6165,1.23
-1.4,-2.6,0.6165,1.16
0.3,-1.7,0.6165,1.24
-1.1,-2.8,0.6165,1.24
0.3,-1.6,0.6165,1.24
-1.6,-2.8,0.6165,1.19
0.2,-1.5,0.6164,1.22
1.4,0.6,0.6164,2.04
0.4,-2.5,0.6163,1.26
-1.1,-2.7,0.6163,1.23
0.4,-2.8,0.6163,1.26
0.4,-2.7,0.6163,1.26
0.4,-2.6,0.6163,1.26
0.4,-2.4,0.6163,1.26
-1.2,-2.2,0.6163,1.12
1.1,1.4,0.6163,0.87
0.6,-2.8,0.6162,1.27
0.6,-2.9,0.6162,1.27
0.6,-3.0,0.6162,1.27
0.6,-2.7,0.6162,1.27
0.1,-1.5,0.6162,1.21
1.2,1.4,0.6161,1.08
0.3,-1.5,0.6161,1.24
0.4,-0.8,0.6161,1.15
-1.9,-2.3,0.6161,1.19
-1.2,-3.0,0.616,1.24
0.2,-1.4,0.616,1.21
1.0,1.5,0.616,0.59
0.8,1.5,0.616,0.19
-1.4,-2.5,0.6159,1.15
0.9,-0.2,0.6159,1.22
-1.2,-2.8,0.6159,1.24
0.4,-2.3,0.6159,1.25
-1.6,-2.7,0.6159,1.17
0.4,-2.1,0.6159,1.25
0.5,-2.8,0.6159,1.27
0.4,-1.7,0.6159,1.25
0.4,-1.9,0.6159,1.25
0.4,-1.8,0.6159,1.25
0.4,-2.2,0.6159,1.25
0.4,-2.0,0.6159,1.25
-1.2,-2.9,0.6159,1.24
0.5,-2.9,0.6159,1.27
0.5,-3.0,0.6159,1.27
-1.8,-2.6,0.6159,1.11
-1.4,-2.3,0.6158,1.14
1.3,1.0,0.6158,1.64
-1.5,-2.6,0.6158,1.16
-1.4,-2.4,0.6158,1.14
0.6,-2.3,0.6158,1.26
0.6,-2.2,0.6158,1.26
0.6,-2.6,0.6158,1.26
0.6,-2.5,0.6158,1.26
0.6,-2.4,0.6158,1.26
-1.8,-1.0,0.6158,0.99
-1.8,-0.9,0.6157,0.99
0.3,1.2,0.6157,0.51
0.7,-0.6,0.6156,1.19
-1.3,-2.9,0.6156,1.24
0.6,-0.6,0.6156,1.15
1.4,0.7,0.6156,2.03
1.2,1.1,0.6156,1.25
0.7,-0.7,0.6156,1.19
0.3,-1.4,0.6156,1.22
0.7,-0.8,0.6156,1.19
-1.3,-3.0,0.6156,1.24
-2.0,-2.2,0.6155,1.21
-1.5,-2.5,0.6155,1.14
-1.5,-2.4,0.6155,1.14
0.5,1.3,0.6155,0.23
0.5,-2.4,0.6155,1.26
0.5,-2.5,0.6155,1.26
-1.7,-2.9,0.6155,1.2
0.5,-2.6,0.6155,1.26
0.4,-1.6,0.6155,1.24
0.5,-2.7,0.6155,1.26
0.5,-2.3,0.6155,1.26
0.4,-1.5,0.6155,1.24
0.9,1.5,0.6154,0.39
0.6,-2.1,0.6154,1.25
0.6,-1.7,0.6154,1.25
-1.6,-2.6,0.6154,1.15
0.6,-1.6,0.6154,1.25
0.6,-1.9,0.6154,1.25
0.6,-1.5,0.6154,1.25
0.6,-1.8,0.6154,1.25
0.6,-2.0,0.6154,1.25
-2.0,-2.4,0.6153,1.27
-1.8,-2.5,0.6153,1.1
0.8,-0.7,0.6153,1.19
0.8,-0.5,0.6153,1.19
0.8,-0.6,0.6153,1.19
0.5,-0.7,0.6153,1.15
0.3,-1.3,0.6152,1.21
-1.6,-2.5,0.6152,1.14
0.6,1.4,0.6152,0.17
0.5,-2.1,0.6151,1.25
0.5,-1.6,0.6151,1.25
0.5,-1.8,0.6151,1.25
0.5,-1.7,0.6151,1.25
0.5,-2.0,0.6151,1.25
0.5,-2.2,0.6151,1.25
0.5,-1.9,0.6151,1.25
-1.7,-2.8,0.6151,1.18
-0.7,0.3,0.6151,0.81
-0.6,0.4,0.6151,0.81
0.4,-1.4,0.6151,1.24
1.4,1.0,0.615,1.88
0.6,-1.3,0.615,1.24
-0.5,0.5,0.615,0.8
0.6,-1.4,0.615,1.24
-0.8,0.2,0.615,0.82
-1.9,-1.1,0.615,1.06
1.2,1.6,0.615,0.99
-1.9,-2.7,0.615,1.24
-0.9,0.1,0.615,0.82
1.5,1.0,0.615,2.17
1.3,1.3,0.6149,1.42
0.9,1.6,0.6148,0.3
-1.7,-2.7,0.6148,1.16
1.3,1.1,0.6148,1.61
-0.4,0.6,0.6148,0.78
0.4,-1.3,0.6147,1.22
-0.3,0.7,0.6147,0.76
-1.0,0.0,0.6147,0.84
0.5,-1.4,0.6147,1.24
0.5,-1.5,0.6147,1.24
-2.0,-1.2,0.6146,1.12
-1.1,-0.1,0.6146,0.85
0.6,-1.2,0.6146,1.24
1.1,0.1,0.6146,1.49
-1.4,-3.0,0.6146,1.24
0.7,-2.7,0.6145,1.27
-0.2,0.8,0.6145,0.76
0.7,-2.6,0.6145,1.27
0.7,-2.8,0.6145,1.27
0.7,-3.0,0.6145,1.27
0.7,-2.9,0.6145,1.27
-1.3,-0.3,0.6144,0.92
-1.7,-2.6,0.6144,1.15
-1.2,-0.2,0.6143,0.89
0.5,-1.3,0.6143,1.24
0.4,-1.2,0.6143,1.21
0.8,-2.7,0.6142,1.27
0.9,-0.6,0.6142,1.28
-2.0,-2.8,0.6142,1.33
-0.1,0.9,0.6142,0.75
-1.8,-3.0,0.6142,1.2
0.8,-2.9,0.6142,1.27
0.8,-2.5,0.6142,1.27
0.4,1.3,0.6142,0.45
0.8,-2.6,0.6142,1.27
0.8,-3.0,0.6142,1.27
0.8,-2.8,0.6142,1.27
-1.8,-2.9,0.6142,1.2
0.9,-0.5,0.6142,1.28
0.9,-0.4,0.6142,1.28
0.7,-2.5,0.6141,1.26
0.6,-1.1,0.6141,1.22
0.7,-2.2,0.6141,1.26
0.7,-2.3,0.6141,1.26
0.7,-2.4,0.6141,1.26
0.7,-2.1,0.6141,1.26
1.4,0.5,0.614,2.08
1.3,1.4,0.614,1.33
-1.9,-2.6,0.614,1.22
0.5,-1.2,0.6139,1.22
0.7,-0.5,0.6139,1.15
1.0,-0.1,0.6139,1.36
0.8,-2.1,0.6138,1.26
-1.4,-0.4,0.6138,0.96
0.6,-1.0,0.6138,1.21
-2.0,-2.3,0.6138,1.26
0.8,-2.2,0.6138,1.26
0.8,-2.0,0.6138,1.26
0.8,-2.3,0.6138,1.26
1.2,1.5,0.6138,1.04
0.8,-2.4,0.6138,1.26
0.7,-1.8,0.6137,1.25
0.7,-1.7,0.6137,1.25
0.7,-1.9,0.6137,1.25
-1.8,-2.8,0.6137,1.17
-1.5,-0.5,0.6137,0.98
0.0,1.0,0.6137,0.73
1.1,1.6,0.6137,0.74
0.7,-1.5,0.6137,1.25
0.7,-1.6,0.6137,1.25
0.7,-2.0,0.6137,1.25
0.7,-1.4,0.6137,1.25
-2.0,-2.7,0.6136,1.32
0.8,-0.4,0.6136,1.15
-1.8,-2.7,0.6135,1.16
1.0,1.6,0.6135,0.53
0.5,-1.1,0.6135,1.21
0.8,-1.6,0.6134,1.25
0.8,-1.7,0.6134,1.25
0.8,-1.9,0.6134,1.25
0.8,-1.5,0.6134,1.25
0.8,-1.4,0.6134,1.25
0.8,-1.8,0.6134,1.25
0.8,-1.3,0.6134,1.25
-1.6,-0.6,0.6133,1.02
0.7,-1.3,0.6133,1.24
0.7,-1.2,0.6133,1.24
0.7,1.5,0.6132,0.1
0.9,-2.4,0.6131,1.36
0.9,-2.8,0.6131,1.36
0.5,1.4,0.6131,0.35
1.5,0.7,0.6131,2.27
0.9,-2.5,0.6131,1.36
0.1,1.1,0.6131,0.7
0.9,-2.7,0.6131,1.36
0.9,-2.6,0.6131,1.36
0.9,-2.9,0.6131,1.36
0.8,-1.1,0.613,1.24
0.8,-1.2,0.613,1.24
-1.7,-0.7,0.613,1.06
1.4,1.1,0.613,1.84
0.7,-1.1,0.6129,1.24
0.6,1.5,0.6129,0.29
1.0,1.7,0.6129,0.45
1.3,1.5,0.6128,1.32
0.9,-2.0,0.6127,1.35
0.9,-2.1,0.6127,1.35
0.9,-1.9,0.6127,1.35
0.9,-2.2,0.6127,1.35
0.8,1.6,0.6127,0.14
-1.9,-1.0,0.6127,1.06
0.9,-2.3,0.6127,1.35
0.2,1.2,0.6126,0.66
-1.9,-3.0,0.6126,1.28
0.8,-1.0,0.6126,1.24
1.0,-0.5,0.6125,1.42
1.0,-0.4,0.6125,1.42
1.0,-0.3,0.6125,1.42
1.2,0.2,0.6125,1.66
1.6,1.0,0.6125,2.62
0.9,-0.3,0.6125,1.24
0.7,-1.0,0.6124,1.22
1.5,0.8,0.6123,2.26
0.9,-1.7,0.6123,1.34
0.9,-1.8,0.6123,1.34
0.9,-1.5,0.6123,1.34
0.9,-1.4,0.6123,1.34
0.9,-1.2,0.6123,1.34
0.9,-1.6,0.6123,1.34
0.9,-1.3,0.6123,1.34
-1.9,-2.9,0.6123,1.27
1.3,1.2,0.6122,1.49
-0.9,0.3,0.6122,1.05
-0.8,0.4,0.6122,1.05
0.8,-0.9,0.6121,1.22
-0.7,0.4,0.6121,0.9
-1.8,-0.8,0.6121,1.09
-2.0,-1.1,0.6121,1.1
-0.7,0.5,0.612,1.03
-0.9,0.2,0.612,0.92
-0.6,0.6,0.612,1.03
-0.5,0.7,0.612,1.02
-0.5,0.6,0.612,0.9
1.4,1.4,0.612,1.63
-0.8,0.3,0.612,0.92
0.7,-0.9,0.612,1.21
-1.9,-2.8,0.612,1.25
1.4,1.2,0.6119,1.82
1.3,1.7,0.6119,1.23
0.9,-1.0,0.6119,1.33
0.9,-1.1,0.6119,1.33
-0.6,0.5,0.6118,0.9
0.8,-0.8,0.6117,1.21
-1.0,0.2,0.6117,1.07
1.5,1.1,0.6117,2.1
0.9,1.7,0.6116,0.27
-0.4,0.8,0.6116,1.0
-2.0,-3.0,0.6116,1.35
-0.4,0.7,0.6116,0.88
-1.0,0.1,0.6115,0.94
-0.3,0.9,0.6115,0.99
0.9,-0.9,0.6115,1.33
-0.3,0.8,0.6115,0.86
1.1,0.0,0.6115,1.51
1.0,-2.5,0.6114,1.5
-1.1,0.0,0.6114,0.95
-1.1,0.1,0.6114,1.07
1.0,-2.6,0.6114,1.5
0.3,1.3,0.6114,0.62
-1.9,-0.9,0.6114,1.15
1.0,-2.8,0.6114,1.5
1.2,1.7,0.6114,0.91
1.0,-2.7,0.6114,1.5
1.0,-2.4,0.6114,1.5
1.0,-2.3,0.6114,1.5
-1.3,-0.1,0.6113,1.15
-1.3,-0.2,0.6113,1.02
-0.2,0.9,0.6113,0.86
-2.0,-2.9,0.6113,1.34
1.1,1.7,0.6112,0.68
1.4,1.5,0.6111,1.54
-0.2,1.0,0.6111,0.99
0.9,-0.8,0.6111,1.31
1.0,-2.1,0.611,1.5
-1.2,-0.1,0.611,0.99
1.0,-1.9,0.611,1.5
1.0,-1.8,0.611,1.5
0.7,1.6,0.611,0.22
1.5,0.6,0.611,2.3
1.0,-2.2,0.611,1.5
1.0,-2.0,0.611,1.5
-1.2,0.0,0.611,1.11
-0.9,0.6,0.6109,1.44
-1.1,0.4,0.6109,1.46
-1.4,-0.2,0.6109,1.17
-1.3,0.2,0.6109,1.51
-0.1,1.1,0.6108,0.98
-1.5,-0.3,0.6108,1.19
-0.1,1.0,0.6108,0.85
-0.8,0.7,0.6108,1.44
1.0,-0.2,0.6108,1.38
-1.0,0.4,0.6107,1.28
1.3,1.6,0.6107,1.27
-1.4,-0.3,0.6107,1.06
-1.0,0.5,0.6107,1.45
0.9,-0.7,0.6107,1.3
-1.2,0.3,0.6107,1.48
1.0,-1.1,0.6106,1.49
1.0,-1.4,0.6106,1.49
1.0,-1.3,0.6106,1.49
-0.9,0.5,0.6106,1.27
1.0,-1.7,0.6106,1.49
0.8,1.7,0.6106,0.23
-0.8,0.6,0.6106,1.27
1.0,-1.6,0.6106,1.49
0.0,1.1,0.6106,0.82
1.0,-1.2,0.6106,1.49
-1.5,-0.4,0.6106,1.07
1.0,-1.5,0.6106,1.49
-0.7,0.8,0.6105,1.43
-1.1,0.3,0.6105,1.29
0.0,1.2,0.6105,0.95
1.6,1.1,0.6105,2.59
-1.6,-0.4,0.6104,1.24
-0.7,0.7,0.6103,1.26
-0.6,0.9,0.6103,1.43
1.1,-0.3,0.6103,1.58
1.1,-0.4,0.6103,1.58
-0.9,0.4,0.6103,1.17
1.1,-0.2,0.6103,1.58
-0.5,0.9,0.6102,1.25
-1.6,-0.5,0.6102,1.12
-1.3,0.1,0.6102,1.36
-0.5,1.0,0.6102,1.42
0.4,1.4,0.6102,0.56
1.0,-1.0,0.6102,1.48
1.0,-0.9,0.6102,1.48
-1.5,0.0,0.6102,1.56
-1.4,0.1,0.6102,1.54
1.4,1.6,0.6101,1.52
-0.6,0.8,0.6101,1.26
-1.7,-0.5,0.6101,1.26
-1.0,0.3,0.6101,1.18
-1.2,0.2,0.61,1.33
-1.6,-0.1,0.6099,1.6
-1.1,0.2,0.6099,1.19
1.1,1.8,0.6099,0.61
-0.8,0.5,0.6099,1.17
1.0,-0.8,0.6098,1.47
-1.7,-0.2,0.6098,1.63
0.1,1.2,0.6098,0.8
-0.7,0.6,0.6098,1.16
-0.5,0.8,0.6097,1.16
-0.4,1.1,0.6097,1.41
-1.7,-0.6,0.6096,1.16
-1.5,-0.1,0.6096,1.41
-1.3,0.0,0.6096,1.26
-0.6,0.7,0.6096,1.16
1.3,0.3,0.6096,1.89
-1.4,0.0,0.6096,1.39
-0.3,1.2,0.6095,1.39
-0.3,1.1,0.6095,1.22
1.5,1.2,0.6095,2.07
-0.4,1.0,0.6095,1.24
-1.6,-0.2,0.6095,1.45
1.2,0.1,0.6094,1.68
-1.2,0.1,0.6094,1.23
0.1,1.3,0.6094,0.92
-1.5,-0.2,0.6093,1.31
1.0,-0.7,0.6093,1.45
-0.4,0.9,0.6093,1.14
-1.8,-0.6,0.6092,1.3
1.1,-2.4,0.6092,1.66
1.1,-2.5,0.6092,1.66
1.1,-2.7,0.6092,1.66
1.1,-2.3,0.6092,1.66
1.1,-2.2,0.6092,1.66
-0.2,1.2,0.6092,1.22
1.1,-2.6,0.6092,1.66
-1.8,-0.3,0.6092,1.66
-2.0,-1.0,0.6091,1.18
1.4,1.3,0.6091,1.69
-1.7,-0.3,0.6091,1.48
-1.4,-0.1,0.6091,1.29
0.5,1.5,0.609,0.46
0.2,1.3,0.609,0.76
1.0,1.8,0.609,0.46
0.2,1.4,0.609,0.89
0.9,-3.0,0.609,1.37
-0.3,1.0,0.6089,1.12
-1.8,-0.7,0.6089,1.19
1.0,-0.6,0.6089,1.44
-0.2,1.3,0.6089,1.39
0.6,1.6,0.6088,0.4
-0.2,1.1,0.6088,1.12
1.1,-2.0,0.6088,1.65
1.1,-1.9,0.6088,1.65
1.1,-1.8,0.6088,1.65
1.1,-1.7,0.6088,1.65
1.1,-2.1,0.6088,1.65
0.9,1.8,0.6088,0.31
-1.6,-0.3,0.6088,1.35
-1.9,-0.7,0.6088,1.35
1.4,1.8,0.6086,1.42
1.5,1.5,0.6086,1.84
1.6,0.8,0.6085,2.69
-1.7,-0.4,0.6085,1.38
-1.9,-0.4,0.6085,1.71
-0.1,1.4,0.6085,1.38
1.1,-0.1,0.6084,1.53
1.1,-1.4,0.6084,1.64
-0.1,1.3,0.6084,1.21
-0.1,1.2,0.6084,1.11
1.1,-1.5,0.6084,1.64
1.1,-1.6,0.6084,1.64
1.1,-1.3,0.6084,1.64
1.1,-1.2,0.6084,1.64
1.1,-1.1,0.6084,1.64
-2.0,-0.8,0.6084,1.38
1.1,-1.0,0.6084,1.64
-2.0,-0.5,0.6083,1.74
-0.9,0.8,0.6083,1.71
1.2,-0.3,0.6082,1.75
1.2,1.8,0.6082,0.85
-1.9,-0.8,0.6082,1.24
0.3,1.4,0.6082,0.73
-1.0,0.7,0.6082,1.72
1.2,-0.2,0.6082,1.75
-1.1,0.6,0.6081,1.73
-1.3,0.4,0.6081,1.78
1.5,1.3,0.6081,2.04
-1.8,-0.4,0.6081,1.51
-0.8,0.9,0.6081,1.71
0.0,1.4,0.6081,1.18
0.0,1.5,0.6081,1.35
1.2,-0.1,0.608,1.75
1.1,-0.8,0.608,1.63
1.1,-0.9,0.608,1.63
0.3,1.5,0.608,0.85
1.5,1.6,0.608,1.76
1.4,1.7,0.608,1.48
-2.0,-0.9,0.608,1.27
1.6,0.9,0.6078,2.68
1.7,1.1,0.6077,3.0
0.0,1.3,0.6077,1.08
1.1,-0.7,0.6076,1.62
-1.4,0.3,0.6076,1.81
-1.2,0.5,0.6076,1.75
-1.8,-0.5,0.6076,1.41
1.3,1.8,0.6076,1.15
-1.9,-0.5,0.6076,1.57
-1.5,0.2,0.6076,1.83
-0.7,1.0,0.6075,1.7
0.1,1.6,0.6075,1.33
-1.6,0.1,0.6074,1.86
-0.6,1.1,0.6074,1.7
-0.5,1.2,0.6074,1.69
0.1,1.5,0.6073,1.16
0.2,1.7,0.6072,1.29
1.0,-2.9,0.6072,1.51
-2.0,-0.6,0.6072,1.59
1.2,-2.6,0.6071,1.83
1.2,-2.2,0.6071,1.83
-1.7,0.0,0.6071,1.89
1.2,-2.5,0.6071,1.83
1.1,-0.6,0.6071,1.6
1.4,0.4,0.6071,2.1
1.2,-2.1,0.6071,1.83
1.2,-2.4,0.6071,1.83
1.2,-2.3,0.6071,1.83
1.5,1.7,0.607,1.74
0.2,1.6,0.607,1.12
1.2,1.9,0.607,0.82
0.1,1.4,0.607,1.06
-1.8,-0.1,0.6069,1.91
0.7,1.7,0.6069,0.35
0.4,1.6,0.6069,0.79
0.4,1.5,0.6069,0.66
-1.9,-0.6,0.6069,1.47
1.6,1.2,0.6069,2.53
-2.0,-0.7,0.6068,1.5
1.1,-0.5,0.6068,1.59
1.2,-1.7,0.6067,1.82
1.2,-2.0,0.6067,1.82
1.2,-1.6,0.6067,1.82
1.2,-1.8,0.6067,1.82
1.2,-1.9,0.6067,1.82
-1.9,-0.2,0.6066,1.96
0.2,1.5,0.6065,1.02
-0.4,1.3,0.6065,1.67
1.3,0.2,0.6065,1.92
1.6,0.7,0.6064,2.72
1.2,-1.4,0.6063,1.81
1.2,-0.9,0.6063,1.81
1.2,-1.1,0.6063,1.81
-2.0,-0.3,0.6063,1.99
1.2,-1.3,0.6063,1.81
1.2,-1.0,0.6063,1.81
1.2,-1.2,0.6063,1.81
1.2,-1.5,0.6063,1.81
-0.3,1.4,0.6063,1.66
0.3,1.7,0.6063,1.08
1.2,0.0,0.6061,1.7
1.1,1.9,0.6061,0.65
1.0,1.9,0.606,0.52
0.5,1.6,0.606,0.56
-1.3,0.3,0.606,1.64
-0.9,0.7,0.606,1.57
0.3,1.8,0.606,1.25
0.5,1.7,0.606,0.69
-0.2,1.5,0.6059,1.66
-1.0,0.6,0.6059,1.58
-0.8,0.8,0.6059,1.57
1.2,-0.8,0.6059,1.8
1.2,-0.7,0.6059,1.8
0.8,1.8,0.6059,0.39
0.3,1.6,0.6058,0.99
-1.1,0.5,0.6057,1.59
-0.1,1.6,0.6057,1.65
0.6,1.7,0.6057,0.51
-1.2,0.4,0.6056,1.6
1.5,1.4,0.6056,1.92
-0.7,0.9,0.6056,1.56
0.0,1.7,0.6055,1.62
1.2,-0.6,0.6055,1.79
1.7,1.2,0.6054,2.96
-0.5,1.1,0.6053,1.55
0.6,1.8,0.6053,0.64
-1.4,0.2,0.6053,1.67
1.3,-0.2,0.6053,1.98
-1.5,0.1,0.6052,1.68
-0.6,1.0,0.6052,1.56
1.1,-2.8,0.6051,1.67
-1.6,0.0,0.6051,1.72
1.3,-0.1,0.6051,1.98
1.2,-0.5,0.6051,1.77
-1.7,-0.1,0.605,1.75
1.5,1.9,0.6049,1.64
-1.8,-0.2,0.6049,1.76
1.3,0.0,0.6048,1.98
-0.4,1.2,0.6048,1.53
0.4,1.7,0.6047,0.92
1.2,-0.4,0.6047,1.76
0.4,1.8,0.6047,1.02
1.4,1.9,0.6045,1.34
1.6,1.3,0.6045,2.49
1.3,1.9,0.6045,1.08
0.1,1.8,0.6044,1.59
-1.9,-0.3,0.6043,1.82
1.5,1.8,0.6043,1.69
-0.3,1.3,0.6043,1.51
1.3,-2.3,0.6042,2.06
1.3,-2.1,0.6042,2.06
1.3,-2.0,0.6042,2.06
1.3,-2.2,0.6042,2.06
1.6,1.6,0.6042,2.27
1.3,-2.4,0.6042,2.06
1.3,-2.5,0.6042,2.06
-0.2,1.4,0.604,1.51
1.4,0.3,0.604,2.12
0.4,1.9,0.604,1.19
-2.0,-0.4,0.6039,1.84
-1.0,0.8,0.6039,1.91
-1.1,0.7,0.6039,1.92
0.9,1.9,0.6039,0.46
1.5,0.5,0.6039,2.32
1.3,-1.8,0.6038,2.05
1.3,-1.9,0.6038,2.05
1.3,-1.7,0.6038,2.05
1.3,-1.5,0.6038,2.05
1.3,-1.6,0.6038,2.05
-1.5,0.3,0.6037,2.01
1.7,0.9,0.6037,3.06
-0.9,0.9,0.6037,1.91
-1.6,0.2,0.6036,2.04
-1.3,0.5,0.6036,1.97
-1.4,0.4,0.6036,1.99
1.6,1.7,0.6035,2.18
-1.2,0.6,0.6035,1.93
-0.1,1.5,0.6035,1.5
1.6,1.4,0.6034,2.46
1.3,-1.4,0.6034,2.04
1.3,-0.8,0.6034,2.04
1.3,-1.1,0.6034,2.04
1.3,-1.0,0.6034,2.04
1.3,-1.3,0.6034,2.04
1.3,-1.2,0.6034,2.04
1.3,-0.9,0.6034,2.04
-0.8,1.0,0.6033,1.91
0.7,1.8,0.6033,0.5
0.0,1.6,0.6033,1.48
0.5,1.8,0.6033,0.82
1.8,1.2,0.6033,3.33
1.3,2.0,0.6032,1.1
-1.7,0.1,0.6032,2.07
1.1,2.0,0.6032,0.71
1.2,2.0,0.6032,0.87
0.2,1.9,0.6032,1.56
1.3,0.1,0.6032,1.93
-0.7,1.1,0.6031,1.9
1.3,-0.7,0.603,2.03
0.5,1.9,0.603,0.92
1.3,-0.6,0.603,2.03
1.2,-2.7,0.603,1.84
-1.8,0.0,0.6028,2.09
0.1,1.7,0.6028,1.45
-0.6,1.2,0.6028,1.9
1.7,1.0,0.6027,3.05
1.4,-0.1,0.6026,2.19
0.7,1.9,0.6026,0.69
1.3,-0.5,0.6026,2.02
0.5,2.0,0.6026,1.16
-1.0,0.9,0.6026,2.06
-1.1,0.8,0.6025,2.07
-1.3,0.6,0.6025,2.12
-0.5,1.3,0.6025,1.89
-0.9,1.0,0.6023,2.06
-1.2,0.7,0.6023,2.09
1.4,0.0,0.6023,2.19
0.6,1.9,0.6023,0.82
0.6,2.1,0.6023,1.17
-1.6,0.3,0.6023,2.19
-1.5,0.4,0.6023,2.16
-1.9,-0.1,0.6023,2.14
-2.0,-0.2,0.6023,2.17
1.4,0.1,0.6023,2.19
0.6,2.0,0.6022,0.98
1.3,-0.4,0.6022,2.01
0.8,1.9,0.6022,0.56
-0.8,1.1,0.6021,2.06
-1.4,0.5,0.602,2.14
0.2,1.8,0.602,1.41
-1.7,0.2,0.602,2.22
1.6,1.8,0.602,2.16
-0.4,1.4,0.6019,1.87
0.3,2.0,0.6019,1.52
1.3,-0.3,0.6018,2.0
1.7,1.3,0.6017,2.9
-0.3,1.5,0.6017,1.85
1.4,-1.9,0.6017,2.27
1.4,-2.0,0.6017,2.27
-0.7,1.2,0.6017,2.05
1.4,-2.2,0.6017,2.27
1.4,-2.3,0.6017,2.27
1.4,-2.4,0.6017,2.27
1.4,-2.1,0.6017,2.27
1.7,0.8,0.6016,3.1
-0.2,1.6,0.6016,1.85
0.8,2.0,0.6016,0.74
-1.8,0.1,0.6015,2.24
1.4,-1.6,0.6013,2.26
1.4,-1.8,0.6013,2.26
1.4,-1.4,0.6013,2.26
1.0,2.0,0.6013,0.57
1.4,-1.7,0.6013,2.26
-0.1,1.7,0.6013,1.84
1.4,-1.5,0.6013,2.26
-0.5,1.4,0.6012,2.04
-0.6,1.3,0.6012,2.05
1.6,1.5,0.6012,2.34
1.2,2.1,0.601,0.89
1.8,1.3,0.601,3.3
1.5,0.4,0.601,2.35
1.4,2.0,0.601,1.29
1.4,-0.7,0.6009,2.25
1.4,-1.2,0.6009,2.25
-1.3,0.7,0.6009,2.22
1.4,-1.1,0.6009,2.25
1.4,-1.0,0.6009,2.25
1.4,-0.8,0.6009,2.25
1.4,-0.9,0.6009,2.25
1.4,-1.3,0.6009,2.25
-1.9,0.0,0.6008,2.29
0.0,1.8,0.6007,1.82
-2.0,-0.1,0.6007,2.32
1.5,2.0,0.6007,1.56
0.4,2.1,0.6007,1.46
1.4,0.2,0.6007,2.14
-1.6,0.4,0.6006,2.29
-1.1,0.9,0.6005,2.18
-0.3,1.6,0.6005,2.01
1.4,-0.6,0.6005,2.24
0.3,1.9,0.6005,1.38
1.4,-0.5,0.6005,2.24
-1.4,0.6,0.6005,2.24
1.4,2.1,0.6005,1.3
-0.4,1.5,0.6005,2.02
-1.5,0.5,0.6004,2.26
-0.2,1.7,0.6004,2.01
-1.7,0.3,0.6004,2.32
-1.0,1.0,0.6004,2.17
0.9,2.0,0.6004,0.62
-0.9,1.1,0.6003,2.17
0.9,2.1,0.6003,0.76
0.7,2.1,0.6002,0.99
-1.2,0.8,0.6001,2.19
1.3,2.1,0.6001,1.11
1.4,-0.4,0.6001,2.23
1.3,-2.6,0.6001,2.07
-1.8,0.2,0.6,2.34
-0.8,1.2,0.6,2.17
1.6,2.0,0.5999,2.04
0.7,2.2,0.5998,1.23
0.7,2.0,0.5998,0.88
-0.1,1.8,0.5997,2.0
1.4,-0.3,0.5997,2.21
1.6,0.6,0.5996,2.74
1.7,1.4,0.5995,2.87
1.7,1.7,0.5995,2.64
-0.7,1.3,0.5994,2.16
1.6,1.9,0.5994,2.1
0.5,2.2,0.5993,1.5
0.1,1.9,0.5993,1.79
1.4,-0.2,0.5993,2.2
1.8,1.0,0.5993,3.39
1.5,0.2,0.5993,2.41
1.5,0.0,0.5993,2.41
1.5,0.1,0.5993,2.41
0.8,2.1,0.5993,0.9
-1.9,0.1,0.5992,2.39
1.1,2.1,0.5992,0.73
0.8,2.2,0.5992,1.05
-0.6,1.4,0.5991,2.16
-0.5,1.5,0.599,2.15
0.8,2.3,0.5989,1.27
-2.0,0.0,0.5989,2.42
1.0,-3.0,0.5988,1.53
0.4,2.0,0.5988,1.32
1.5,-2.2,0.5987,2.49
1.7,1.5,0.5987,2.84
0.6,2.3,0.5987,1.54
1.9,1.3,0.5987,3.69
1.5,-1.8,0.5987,2.49
1.5,-2.1,0.5987,2.49
1.5,-2.0,0.5987,2.49
1.5,-1.9,0.5987,2.49
0.0,1.9,0.5987,1.97
1.5,-2.3,0.5987,2.49
-0.4,1.6,0.5986,2.13
-0.3,1.7,0.5986,2.11
-1.3,0.9,0.5986,2.6
1.8,1.1,0.5986,3.38
0.2,2.0,0.5984,1.76
-1.5,0.7,0.5984,2.62
1.0,2.1,0.5984,0.64
1.5,-1.6,0.5983,2.48
1.7,1.8,0.5983,2.54
-1.0,1.2,0.5983,2.54
-1.1,1.1,0.5983,2.55
1.5,-1.4,0.5983,2.48
1.5,-1.3,0.5983,2.48
1.5,-1.5,0.5983,2.48
1.5,-1.7,0.5983,2.48
-1.6,0.6,0.5982,2.66
-1.4,0.8,0.5982,2.61
1.5,2.1,0.598,1.51
-0.2,1.8,0.598,2.11
0.5,2.1,0.5979,1.3
1.5,-1.2,0.5979,2.47
1.5,-1.1,0.5979,2.47
1.5,-0.8,0.5979,2.47
1.5,-0.6,0.5979,2.47
1.5,-0.7,0.5979,2.47
-1.2,1.0,0.5979,2.57
1.5,-0.9,0.5979,2.47
1.5,-1.0,0.5979,2.47
-0.9,1.3,0.5978,2.54
-1.7,0.5,0.5978,2.69
1.0,2.2,0.5978,0.81
0.9,2.3,0.5977,1.08
-1.8,0.4,0.5977,2.7
1.5,0.3,0.5977,2.36
0.3,2.1,0.5976,1.72
0.9,2.2,0.5976,0.95
1.4,-2.5,0.5976,2.27
-0.8,1.4,0.5975,2.54
0.9,2.4,0.5975,1.32
1.5,-0.4,0.5975,2.46
1.8,1.4,0.5975,3.22
1.5,-0.5,0.5975,2.46
0.1,2.0,0.5975,1.94
1.8,0.9,0.5975,3.43
1.3,2.2,0.5973,1.16
0.6,2.2,0.5972,1.35
1.7,1.9,0.5971,2.52
1.5,-0.3,0.5971,2.45
0.2,2.1,0.5971,1.91
-0.5,1.7,0.597,2.53
-0.7,1.5,0.597,2.53
-1.9,0.3,0.597,2.75
-0.1,1.9,0.5969,2.1
-0.6,1.6,0.5969,2.53
-2.0,0.2,0.5968,2.78
1.4,2.2,0.5966,1.35
1.1,-2.9,0.5966,1.68
1.1,-3.0,0.5966,1.68
1.5,-0.2,0.5966,2.44
1.5,2.2,0.5966,1.57
1.6,2.1,0.5965,1.96
1.6,0.5,0.5965,2.77
1.7,1.6,0.5965,2.71
1.2,2.2,0.5964,0.94
1.9,1.4,0.5964,3.65
0.7,2.4,0.5964,1.59
0.0,2.0,0.5962,2.08
-0.4,1.8,0.5962,2.51
-1.3,0.8,0.5962,2.36
1.5,-0.1,0.5961,2.43
-1.0,1.1,0.596,2.31
-1.4,0.7,0.596,2.38
-1.5,0.6,0.596,2.4
0.3,2.2,0.5959,1.87
0.4,2.2,0.5959,1.69
-1.1,1.0,0.5959,2.32
-0.9,1.2,0.5958,2.31
1.1,2.2,0.5957,0.78
-1.7,0.4,0.5957,2.46
-1.2,0.9,0.5957,2.34
-1.6,0.5,0.5957,2.44
1.8,1.5,0.5956,3.19
1.7,2.1,0.5955,2.4
0.1,2.1,0.5955,2.05
1.0,2.3,0.5954,0.99
-0.3,1.9,0.5954,2.49
1.1,2.3,0.5954,0.85
-1.8,0.3,0.5954,2.48
1.0,2.4,0.5954,1.13
-0.8,1.3,0.5953,2.31
1.6,0.1,0.5951,2.83
1.6,0.3,0.5951,2.83
1.6,0.2,0.5951,2.83
1.8,1.8,0.5951,2.96
1.9,1.1,0.595,3.75
0.8,2.5,0.595,1.67
1.7,0.7,0.5949,3.12
-0.7,1.4,0.5949,2.3
0.5,2.3,0.5948,1.74
0.7,2.3,0.5948,1.4
0.2,2.2,0.5947,2.01
1.8,1.6,0.5947,3.16
-0.2,2.0,0.5947,2.49
-0.5,1.6,0.5947,2.29
-1.9,0.2,0.5947,2.53
1.0,2.5,0.5946,1.41
1.5,-2.4,0.5946,2.5
-0.6,1.5,0.5945,2.3
1.2,-2.9,0.5945,1.85
1.2,-2.8,0.5945,1.85
1.6,-1.9,0.5944,2.91
1.7,2.0,0.5944,2.46
1.6,-2.2,0.5944,2.91
1.6,-2.1,0.5944,2.91
0.4,2.3,0.5944,1.89
1.6,-1.8,0.5944,2.91
1.6,-1.7,0.5944,2.91
1.6,-2.0,0.5944,2.91
-0.1,2.1,0.5943,2.48
-2.0,0.1,0.5943,2.55
-0.4,1.7,0.5943,2.27
1.4,2.3,0.5943,1.38
0.6,2.4,0.5942,1.78
1.8,1.9,0.5942,2.87
0.8,2.4,0.5941,1.44
1.6,-1.5,0.594,2.9
1.6,-1.4,0.594,2.9
1.6,-1.2,0.594,2.9
1.9,1.2,0.594,3.74
1.6,-1.6,0.594,2.9
1.6,-1.3,0.594,2.9
-0.3,1.8,0.5939,2.26
2.0,1.4,0.5938,4.16
1.6,-0.7,0.5936,2.89
0.0,2.2,0.5936,2.45
1.6,-0.9,0.5936,2.89
1.6,-1.1,0.5936,2.89
1.6,-0.6,0.5936,2.89
1.6,-0.5,0.5936,2.89
0.3,2.3,0.5936,2.0
1.6,-0.8,0.5936,2.89
1.6,-1.0,0.5936,2.89
1.6,0.4,0.5934,2.78
1.5,2.3,0.5933,1.59
1.3,2.3,0.5933,1.19
1.2,2.3,0.5933,0.98
0.5,2.4,0.5932,1.93
1.6,-0.3,0.5932,2.88
1.6,-0.4,0.5932,2.88
1.9,1.5,0.5932,3.58
1.9,1.0,0.5931,3.8
1.6,2.2,0.593,1.97
1.1,2.4,0.5929,1.03
1.6,-0.2,0.5929,2.87
-0.2,1.9,0.5929,2.26
1.2,2.4,0.5928,1.02
1.8,1.7,0.5926,3.04
1.8,2.0,0.5926,2.84
0.1,2.3,0.5926,2.43
-1.3,1.0,0.5925,2.91
-1.1,1.2,0.5923,2.87
-1.4,0.9,0.5923,2.93
1.1,2.5,0.5923,1.22
-1.6,0.7,0.5922,2.97
1.6,-0.1,0.5922,2.86
0.9,2.6,0.5922,1.83
1.6,2.3,0.5922,2.0
-0.1,2.0,0.5921,2.25
0.4,2.4,0.5921,2.04
-1.5,0.8,0.5921,2.94
0.9,2.5,0.5921,1.53
-1.0,1.3,0.5921,2.86
0.6,2.5,0.592,2.03
1.7,0.6,0.592,3.14
-1.2,1.1,0.592,2.88
0.2,2.4,0.5919,2.42
0.0,2.1,0.5919,2.22
-1.7,0.6,0.5919,3.0
2.0,1.5,0.5919,4.12
-0.9,1.4,0.5918,2.86
1.3,-2.8,0.5916,2.09
1.6,0.0,0.5916,2.85
1.3,-2.7,0.5916,2.09
-0.8,1.5,0.5915,2.86
1.9,1.6,0.5913,3.55
-0.7,1.6,0.5913,2.85
-1.8,0.5,0.5913,3.02
0.7,2.5,0.5912,1.88
1.7,2.2,0.5912,2.33
-0.6,1.7,0.5911,2.85
-0.5,1.8,0.5909,2.84
1.1,2.6,0.5909,1.56
1.8,0.8,0.5908,3.45
0.1,2.2,0.5908,2.19
-1.9,0.4,0.5908,3.06
1.9,1.9,0.5907,3.32
1.5,2.4,0.5907,1.64
1.7,0.2,0.5906,3.21
-2.0,0.3,0.5906,3.09
1.7,0.4,0.5906,3.21
1.8,2.2,0.5906,2.72
1.7,0.3,0.5906,3.21
1.9,1.7,0.5905,3.52
1.8,2.1,0.5905,2.78
1.6,-2.3,0.5903,2.92
0.5,2.5,0.5903,2.14
1.2,-3.0,0.5902,1.86
0.3,2.5,0.5902,2.52
-1.3,1.1,0.5901,3.13
0.2,2.3,0.5901,2.16
2.0,1.2,0.5901,4.22
1.3,2.4,0.59,1.24
-1.4,1.0,0.59,3.14
1.4,2.4,0.59,1.42
-1.5,0.9,0.59,3.15
1.2,2.5,0.5899,1.11
1.7,-1.7,0.5899,3.29
1.7,-1.6,0.5899,3.29
1.7,-1.9,0.5899,3.29
1.7,-2.0,0.5899,3.29
1.7,-2.1,0.5899,3.29
1.7,-1.8,0.5899,3.29
-1.6,0.8,0.5899,3.19
-1.7,0.7,0.5898,3.21
-0.4,1.9,0.5897,2.82
-1.1,1.3,0.5895,3.09
1.7,-1.3,0.5895,3.28
1.7,-1.2,0.5895,3.28
-1.2,1.2,0.5895,3.11
1.7,-1.5,0.5895,3.28
1.7,-1.4,0.5895,3.28
1.7,-1.1,0.5895,3.28
1.9,2.0,0.5894,3.22
-1.8,0.6,0.5894,3.23
0.8,2.6,0.5893,2.03
2.0,1.3,0.5892,4.21
-0.3,2.0,0.5892,2.8
-1.0,1.4,0.5892,3.09
1.7,-1.0,0.5891,3.27
1.7,-0.7,0.5891,3.27
1.7,-0.5,0.5891,3.27
1.7,-0.9,0.5891,3.27
0.3,2.4,0.5891,2.19
1.3,2.5,0.5891,1.32
1.7,-0.6,0.5891,3.27
1.7,-0.8,0.5891,3.27
1.7,-0.4,0.5891,3.27
1.4,-2.6,0.5891,2.29
1.4,-2.7,0.5891,2.29
-0.2,2.1,0.589,2.8
1.0,2.7,0.589,1.96
-0.9,1.5,0.5889,3.09
-0.8,1.6,0.5888,3.09
1.2,2.6,0.5888,1.35
1.6,2.4,0.5887,2.03
1.7,0.5,0.5887,3.16
1.7,-0.2,0.5887,3.26
1.7,-0.3,0.5887,3.26
-2.0,0.4,0.5887,3.3
1.0,2.6,0.5886,1.68
-1.9,0.5,0.5886,3.27
2.0,1.6,0.5886,4.05
-0.7,1.7,0.5886,3.08
2.0,1.1,0.5885,4.26
0.7,2.6,0.5885,2.19
0.6,2.6,0.5885,2.29
1.9,2.1,0.5883,3.2
1.7,2.3,0.5883,2.36
-0.1,2.2,0.5882,2.79
1.7,-0.1,0.5881,3.25
1.8,0.7,0.588,3.47
-0.6,1.8,0.588,3.08
1.9,1.8,0.5879,3.39
0.0,2.3,0.5876,2.77
1.2,2.7,0.5876,1.69
0.4,2.6,0.5875,2.67
1.7,0.0,0.5875,3.23
-0.5,1.9,0.5874,3.07
1.3,-3.0,0.5873,2.1
1.3,-2.9,0.5873,2.1
1.7,2.4,0.5873,2.39
1.7,0.1,0.5871,3.22
0.4,2.5,0.587,2.28
1.8,2.3,0.587,2.68
-1.3,1.2,0.587,3.3
0.9,2.7,0.587,2.17
-1.4,1.1,0.5869,3.3
0.8,2.7,0.5869,2.32
-1.5,1.0,0.5868,3.31
2.0,1.7,0.5868,4.01
1.8,0.4,0.5868,3.54
-1.6,0.9,0.5868,3.35
1.8,0.3,0.5868,3.54
0.1,2.4,0.5867,2.74
-0.4,2.0,0.5865,3.05
-1.7,0.8,0.5865,3.38
1.4,2.5,0.5865,1.5
1.8,0.5,0.5865,3.54
1.9,0.9,0.5864,3.81
-0.3,2.1,0.5864,3.04
-1.1,1.4,0.5864,3.25
-1.8,0.7,0.5863,3.39
1.6,2.5,0.5861,2.09
1.5,-2.5,0.5861,2.52
1.5,-2.6,0.5861,2.52
1.9,2.3,0.5861,3.08
-1.0,1.5,0.5861,3.25
1.5,2.5,0.5861,1.71
1.8,-1.6,0.586,3.63
1.8,-2.0,0.586,3.63
-0.9,1.6,0.586,3.25
1.8,-1.9,0.586,3.63
1.8,-1.5,0.586,3.63
1.8,-1.7,0.586,3.63
1.8,-1.8,0.586,3.63
-1.2,1.3,0.586,3.27
-0.8,1.7,0.5859,3.25
1.7,-2.2,0.5858,3.3
-0.2,2.2,0.5858,3.04
-1.9,0.6,0.5857,3.43
1.3,2.6,0.5856,1.45
1.8,-1.3,0.5856,3.62
1.8,-1.2,0.5856,3.62
1.8,-1.0,0.5856,3.62
1.8,-1.4,0.5856,3.62
1.1,2.8,0.5856,2.1
1.8,-1.1,0.5856,3.62
0.5,2.7,0.5855,2.8
2.0,1.8,0.5855,3.98
2.0,2.0,0.5855,3.79
0.2,2.5,0.5854,2.83
1.9,2.2,0.5854,3.14
1.1,2.7,0.5853,1.82
0.7,2.7,0.5853,2.43
1.8,-0.6,0.5852,3.61
1.8,-0.9,0.5852,3.61
1.8,-0.4,0.5852,3.61
1.8,-0.3,0.5852,3.61
-0.7,1.8,0.5852,3.24
1.8,-0.8,0.5852,3.61
1.8,-0.7,0.5852,3.61
-2.0,0.5,0.5852,3.46
1.8,-0.5,0.5852,3.61
-0.1,2.3,0.5851,3.03
1.4,2.6,0.585,1.63
1.8,0.6,0.5849,3.49
2.0,2.1,0.5849,3.69
1.8,-0.2,0.5848,3.6
1.4,-2.8,0.5848,2.3
1.4,-2.9,0.5848,2.3
0.5,2.6,0.5848,2.44
1.4,-3.0,0.5848,2.3
1.3,2.7,0.5847,1.58
1.8,-0.1,0.5847,3.59
0.0,2.4,0.5846,3.0
0.9,2.8,0.5846,2.46
-0.6,1.9,0.5843,3.24
1.8,0.0,0.5841,3.58
-0.5,2.0,0.584,3.23
0.6,2.8,0.584,2.95
1.8,2.4,0.584,2.71
1.0,2.8,0.5838,2.31
0.8,2.8,0.5838,2.57
1.3,2.8,0.5838,1.82
-1.7,0.9,0.5836,3.61
1.8,0.1,0.5836,3.56
-1.5,1.1,0.5836,3.56
-1.4,1.2,0.5836,3.55
1.7,2.5,0.5836,2.44
1.9,0.8,0.5836,3.84
-0.4,2.1,0.5835,3.21
-1.3,1.3,0.5834,3.54
-1.6,1.0,0.5834,3.59
1.2,2.9,0.5833,2.19
1.8,0.2,0.5833,3.56
0.6,2.7,0.5833,2.57
-1.8,0.8,0.5832,3.63
-1.9,0.7,0.5832,3.65
0.3,2.6,0.5832,2.98
2.0,1.9,0.5832,3.86
0.1,2.5,0.5831,3.07
-0.3,2.2,0.583,3.2
2.0,2.2,0.5829,3.66
-2.0,0.6,0.5828,3.68
-1.1,1.5,0.5827,3.5
-1.2,1.4,0.5827,3.51
1.8,2.5,0.5827,2.77
-1.0,1.6,0.5826,3.5
-0.9,1.7,0.5825,3.5
1.9,0.4,0.5825,3.91
-0.2,2.3,0.5825,3.2
1.9,0.5,0.5823,3.91
1.2,2.8,0.5823,1.95
1.9,0.6,0.5823,3.91
1.9,2.4,0.5823,3.07
-0.8,1.8,0.582,3.5
0.9,2.9,0.582,2.67
1.0,2.9,0.582,2.56
1.6,-2.4,0.5819,2.94
1.8,-2.1,0.5819,3.64
1.5,2.6,0.5819,1.84
1.6,-2.5,0.5819,2.94
2.0,1.0,0.5819,4.28
-0.1,2.4,0.5818,3.19
1.5,-2.7,0.5818,2.53
1.5,-2.8,0.5818,2.53
1.5,-2.9,0.5818,2.53
1.5,-3.0,0.5818,2.53
1.9,-1.5,0.5817,4.0
1.9,-1.9,0.5817,4.0
1.4,2.7,0.5817,1.76
1.9,-1.7,0.5817,4.0
1.9,-1.6,0.5817,4.0
1.9,-1.8,0.5817,4.0
1.9,-1.4,0.5817,4.0
0.2,2.6,0.5814,3.22
1.9,-1.2,0.5813,3.99
1.9,-0.9,0.5813,3.99
1.9,-1.1,0.5813,3.99
1.9,-1.3,0.5813,3.99
0.7,2.9,0.5813,3.05
1.9,-1.0,0.5813,3.99
2.0,2.4,0.5811,3.55
1.1,2.9,0.5811,2.4
1.4,2.8,0.581,1.87
-0.7,1.9,0.581,3.49
1.9,-0.6,0.5809,3.98
1.9,-0.4,0.5809,3.98
1.9,-0.5,0.5809,3.98
1.9,-0.8,0.5809,3.98
1.9,-0.2,0.5809,3.98
1.9,-0.3,0.5809,3.98
1.9,-0.7,0.5809,3.98
0.4,2.7,0.5808,3.12
1.5,2.7,0.5807,1.96
0.0,2.5,0.5807,3.23
1.6,2.6,0.5807,2.22
1.9,-0.1,0.5806,3.98
2.0,2.3,0.5805,3.61
1.4,2.9,0.5805,1.95
1.9,0.7,0.5804,3.87
-0.5,2.1,0.5804,3.48
-0.6,2.0,0.5804,3.49
1.9,0.0,0.5802,3.97
0.7,2.8,0.5802,2.71
1.9,0.1,0.5799,3.96
1.7,2.6,0.5799,2.58
-0.4,2.2,0.5795,3.47
0.3,2.7,0.5795,3.37
1.9,0.2,0.5794,3.94
-0.3,2.3,0.5792,3.45
0.8,2.9,0.5792,2.81
1.3,2.9,0.5791,2.03
2.0,0.9,0.5791,4.31
1.9,2.5,0.579,3.13
1.9,0.3,0.579,3.93
0.5,2.8,0.5789,3.26
0.1,2.6,0.5788,3.38
-0.2,2.4,0.5787,3.45
0.8,3.0,0.5785,3.34
1.3,3.0,0.5783,2.44
1.8,2.6,0.5781,2.89
2.0,0.6,0.578,4.38
2.0,0.5,0.578,4.38
1.0,3.0,0.5779,2.95
0.6,2.9,0.5778,3.37
2.0,0.7,0.5777,4.38
1.5,2.8,0.5777,2.08
-1.5,1.2,0.5777,3.73
-1.8,0.9,0.5777,3.78
1.9,-2.0,0.5776,4.01
-1.6,1.1,0.5776,3.75
-1.7,1.0,0.5776,3.77
1.6,-3.0,0.5776,2.95
1.1,3.0,0.5776,2.83
1.6,-2.6,0.5776,2.95
1.6,-2.7,0.5776,2.95
1.6,-2.8,0.5776,2.95
1.6,-2.9,0.5776,2.95
-1.4,1.3,0.5775,3.72
-1.9,0.8,0.5774,3.81
1.7,-2.4,0.5774,3.31
1.7,-2.3,0.5774,3.31
2.0,-1.8,0.5774,4.47
2.0,-1.7,0.5774,4.47
2.0,-1.4,0.5774,4.47
-2.0,0.7,0.5774,3.83
2.0,-1.3,0.5774,4.47
2.0,-1.6,0.5774,4.47
2.0,-1.5,0.5774,4.47
1.5,2.9,0.5773,2.16
-0.1,2.5,0.5773,3.48
-1.3,1.4,0.5772,3.72
0.2,2.7,0.5772,3.53
2.0,2.5,0.5771,3.59
2.0,-0.8,0.577,4.46
0.4,2.8,0.577,3.52
2.0,-1.0,0.577,4.46
2.0,-0.9,0.577,4.46
1.2,3.0,0.577,2.67
2.0,-1.2,0.577,4.46
2.0,-1.1,0.577,4.46
1.6,2.7,0.577,2.31
1.9,2.6,0.5767,3.25
-1.1,1.6,0.5767,3.68
2.0,-0.3,0.5766,4.45
2.0,-0.2,0.5766,4.45
-1.0,1.7,0.5766,3.68
2.0,-0.4,0.5766,4.45
2.0,-0.1,0.5766,4.45
2.0,-0.7,0.5766,4.45
2.0,-0.5,0.5766,4.45
2.0,-0.6,0.5766,4.45
-1.2,1.5,0.5765,3.69
2.0,0.8,0.5761,4.33
-0.9,1.8,0.5761,3.68
2.0,0.0,0.576,4.44
2.0,0.1,0.5759,4.43
0.9,3.0,0.5759,3.1
0.0,2.6,0.5758,3.64
1.6,2.8,0.5758,2.43
0.5,2.9,0.5756,3.63
2.0,0.2,0.5755,4.42
1.7,2.7,0.5754,2.67
-0.8,1.9,0.5753,3.68
0.3,2.8,0.5753,3.68
1.5,3.0,0.5752,2.4
2.0,0.3,0.5751,4.41
1.8,2.7,0.5751,2.98
2.0,0.4,0.5747,4.4
-0.7,2.0,0.5746,3.67
-0.6,2.1,0.5744,3.67
1.4,3.0,0.5743,2.28
-0.5,2.2,0.5741,3.66
0.1,2.7,0.574,3.78
0.7,3.0,0.5736,3.65
1.8,-2.3,0.5735,3.65
1.8,-2.2,0.5735,3.65
0.4,2.9,0.5733,3.79
1.6,2.9,0.5733,2.51
-0.4,2.3,0.5733,3.64
2.0,-1.9,0.5733,4.48
1.7,-3.0,0.5731,3.32
1.7,-2.8,0.5731,3.32
1.7,-2.6,0.5731,3.32
1.7,-2.5,0.5731,3.32
1.7,-2.9,0.5731,3.32
1.7,-2.7,0.5731,3.32
1.9,2.7,0.573,3.32
-0.3,2.4,0.573,3.63
0.6,3.0,0.5728,3.93
2.0,2.6,0.5727,3.72
-1.7,1.1,0.5727,3.98
-1.5,1.3,0.5725,3.93
-1.4,1.4,0.5725,3.92
-1.6,1.2,0.5725,3.96
0.2,2.8,0.5725,3.93
-1.8,1.0,0.5725,3.98
-1.9,0.9,0.5724,4.01
-1.3,1.5,0.5722,3.92
-2.0,0.8,0.5721,4.04
-1.2,1.6,0.5718,3.9
-0.2,2.5,0.5718,3.67
-1.1,1.7,0.5716,3.9
1.7,2.8,0.5715,2.78
2.0,2.7,0.5715,3.78
1.6,3.0,0.5712,2.75
-1.0,1.8,0.5711,3.9
0.3,2.9,0.571,4.04
1.7,2.9,0.5708,2.86
1.8,2.8,0.5705,3.09
-0.9,1.9,0.5703,3.9
0.5,3.0,0.5702,4.09
-0.1,2.6,0.5702,3.82
1.9,2.8,0.57,3.42
-0.8,2.0,0.5698,3.9
-1.8,1.1,0.5697,4.11
-1.7,1.2,0.5697,4.1
-1.4,1.5,0.5696,4.05
-1.5,1.4,0.5696,4.06
-1.3,1.6,0.5695,4.05
-1.9,1.0,0.5694,4.14
-1.6,1.3,0.5694,4.08
-0.7,2.1,0.5694,3.89
-2.0,0.9,0.5693,4.16
1.9,-2.1,0.5692,4.03
1.8,-2.5,0.5692,3.66
1.9,-2.2,0.5692,4.03
1.8,-2.8,0.5692,3.66
1.8,-2.7,0.5692,3.66
1.8,-2.6,0.5692,3.66
1.8,-2.4,0.5692,3.66
1.8,-3.0,0.5692,3.66
1.8,-2.9,0.5692,3.66
-1.2,1.7,0.569,4.02
0.0,2.7,0.5689,3.97
-0.6,2.2,0.5688,3.89
-0.5,2.3,0.5687,3.88
-1.1,1.8,0.5685,4.02
-0.4,2.4,0.5679,3.86
-1.0,1.9,0.5678,4.02
2.0,2.8,0.5675,3.88
0.4,3.0,0.5673,4.34
0.1,2.8,0.5672,4.12
-0.9,2.0,0.5672,4.02
1.8,2.9,0.5671,3.17
-0.8,2.1,0.567,4.02
-0.3,2.5,0.5669,3.89
1.7,3.0,0.5666,3.1
-0.7,2.2,0.5663,4.01
0.2,2.9,0.5661,4.23
1.9,2.9,0.5659,3.5
-0.6,2.3,0.5658,4.01
-0.5,2.4,0.5657,4.0
-1.4,1.6,0.5656,4.25
-1.8,1.2,0.5654,4.32
-0.2,2.6,0.5654,4.04
-1.5,1.5,0.5654,4.26
-1.3,1.7,0.5654,4.25
-1.9,1.1,0.5652,4.34
-1.7,1.3,0.5652,4.31
-1.6,1.4,0.5651,4.29
1.9,-3.0,0.5649,4.04
1.9,-2.9,0.5649,4.04
2.0,-2.1,0.5649,4.5
1.9,-2.7,0.5649,4.04
1.9,-2.6,0.5649,4.04
1.9,-2.8,0.5649,4.04
1.9,-2.5,0.5649,4.04
1.9,-2.4,0.5649,4.04
2.0,-2.0,0.5649,4.5
2.0,2.9,0.5649,3.96
1.9,-2.3,0.5649,4.04
-2.0,1.0,0.5648,4.37
1.8,3.0,0.5647,3.41
-1.2,1.8,0.5646,4.23
-0.4,2.5,0.5642,4.01
-0.1,2.7,0.5641,4.18
-1.1,1.9,0.5638,4.23
-1.0,2.0,0.5633,4.23
-0.9,2.1,0.5631,4.23
0.3,3.0,0.5631,4.53
-0.3,2.6,0.5629,4.16
0.0,2.8,0.5627,4.33
-0.8,2.2,0.5625,4.23
-0.7,2.3,0.5619,4.22
-0.2,2.7,0.5616,4.31
0.1,2.9,0.5614,4.45
-0.6,2.4,0.5614,4.22
-1.4,1.7,0.5613,4.46
-1.5,1.6,0.5611,4.47
-1.9,1.2,0.561,4.54
1.9,3.0,0.5609,3.74
-2.0,1.1,0.5608,4.57
-1.7,1.4,0.5607,4.51
-1.3,1.8,0.5607,4.46
-1.6,1.5,0.5607,4.5
-1.8,1.3,0.5606,4.52
2.0,-2.7,0.5606,4.5
2.0,-2.8,0.5606,4.5
2.0,-2.4,0.5606,4.5
2.0,-2.9,0.5606,4.5
2.0,-2.5,0.5606,4.5
2.0,-2.6,0.5606,4.5
2.0,-2.2,0.5606,4.5
2.0,-2.3,0.5606,4.5
-0.1,2.8,0.5602,4.46
-0.5,2.5,0.5602,4.23
-1.2,1.9,0.5597,4.44
0.0,2.9,0.5592,4.58
-1.1,2.0,0.5592,4.44
2.0,3.0,0.5591,4.2
-1.0,2.1,0.559,4.44
0.2,3.0,0.5589,4.76
-0.4,2.6,0.5584,4.39
-0.9,2.2,0.5584,4.44
-0.8,2.3,0.558,4.44
-0.7,2.4,0.5573,4.43
-0.3,2.7,0.557,4.53
0.1,3.0,0.5563,4.88
2.0,-3.0,0.5563,4.51
-0.6,2.5,0.5561,4.44
-0.2,2.8,0.5556,4.68
-0.1,2.9,0.5546,4.8
-0.5,2.6,0.5546,4.6
-1.5,1.7,0.5542,4.73
-1.4,1.8,0.554,4.72
-1.6,1.6,0.5538,4.76
-1.7,1.5,0.5536,4.77
-2.0,1.2,0.5536,4.82
-1.8,1.4,0.5535,4.78
-1.9,1.3,0.5535,4.79
-1.3,1.9,0.5532,4.72
-0.4,2.7,0.5531,4.75
-1.2,2.0,0.5525,4.7
-1.1,2.1,0.5523,4.7
0.0,3.0,0.552,5.1
-1.0,2.2,0.5518,4.7
-0.3,2.8,0.5516,4.9
-0.9,2.3,0.5513,4.7
-0.8,2.4,0.5508,4.7
-0.2,2.9,0.5506,5.01
-0.7,2.5,0.5496,4.7
-0.6,2.6,0.5481,4.86
-0.1,3.0,0.548,5.32
-1.5,1.8,0.5478,4.92
-1.6,1.7,0.5477,4.94
-1.7,1.6,0.5476,4.96
-1.4,1.9,0.5474,4.91
-1.8,1.5,0.5474,4.97
-1.9,1.4,0.5473,4.98
-2.0,1.3,0.547,5.0
-1.3,2.0,0.5469,4.91
-0.5,2.7,0.5468,5.01
-1.2,2.1,0.5465,4.89
-1.1,2.2,0.546,4.89
-1.0,2.3,0.5455,4.89
-0.4,2.8,0.5453,5.16
-0.9,2.4,0.5451,4.89
-0.3,2.9,0.5442,5.27
-1.7,1.7,0.544,5.16
-0.8,2.5,0.544,4.89
-1.6,1.8,0.5438,5.14
-1.8,1.6,0.5438,5.17
-1.5,1.9,0.5436,5.11
-1.9,1.5,0.5435,5.18
-2.0,1.4,0.5434,5.18
-1.4,2.0,0.5431,5.11
-1.3,2.1,0.5429,5.11
-0.7,2.6,0.5424,5.05
-1.2,2.2,0.5422,5.1
-1.1,2.3,0.5418,5.1
-0.2,3.0,0.5417,5.58
-1.0,2.4,0.5413,5.1
-0.6,2.7,0.5412,5.19
-0.9,2.5,0.5402,5.1
-0.5,2.8,0.5399,5.35
-0.8,2.6,0.5388,5.26
-0.4,2.9,0.5387,5.46
-0.7,2.7,0.5375,5.4
-1.8,1.7,0.5371,5.37
-1.9,1.6,0.5369,5.38
-1.7,1.8,0.5366,5.37
-2.0,1.5,0.5366,5.39
-1.5,2.0,0.5362,5.33
-0.6,2.8,0.5362,5.55
-0.3,3.0,0.5362,5.77
-1.4,2.1,0.5361,5.33
-1.6,1.9,0.5361,5.36
-1.3,2.2,0.5356,5.33
-0.5,2.9,0.5352,5.67
-1.2,2.3,0.535,5.31
-1.1,2.4,0.5345,5.31
-1.0,2.5,0.5334,5.31
-0.4,3.0,0.5326,5.97
-1.9,1.7,0.5324,5.61
-1.8,1.8,0.5323,5.6
-2.0,1.6,0.5322,5.61
-0.9,2.6,0.5321,5.47
-1.5,2.1,0.5318,5.55
-1.7,1.9,0.5316,5.6
-1.6,2.0,0.5314,5.58
-1.4,2.2,0.5313,5.55
-0.8,2.7,0.5309,5.61
-1.3,2.3,0.5309,5.55
-1.2,2.4,0.5303,5.53
-0.7,2.8,0.5296,5.77
-1.1,2.5,0.5292,5.53
-0.6,2.9,0.5286,5.88
-1.0,2.6,0.5279,5.7
-0.9,2.7,0.5267,5.84
-0.5,3.0,0.5262,6.2
-0.8,2.8,0.5254,5.99
-0.7,2.9,0.5244,6.11
-2.0,1.7,0.5224,5.9
-1.9,1.8,0.5223,5.89
-1.8,1.9,0.522,5.88
-0.6,3.0,0.522,6.42
-1.5,2.2,0.5219,5.84
-1.6,2.1,0.5217,5.87
-1.7,2.0,0.5215,5.88
-1.4,2.3,0.5215,5.84
-1.3,2.4,0.5209,5.84
-1.2,2.5,0.5199,5.83
-1.1,2.6,0.5186,5.99
-1.0,2.7,0.5174,6.13
-0.9,2.8,0.5162,6.29
-0.8,2.9,0.5153,6.4
-0.7,3.0,0.5129,6.72
-2.0,1.8,0.5114,6.16
-1.8,2.0,0.5111,6.14
-1.5,2.3,0.5111,6.1
-1.9,1.9,0.5111,6.15
-1.7,2.1,0.5109,6.14
-1.6,2.2,0.5108,6.13
-1.4,2.4,0.5106,6.1
-1.3,2.5,0.5096,6.1
-1.2,2.6,0.5083,6.25
-1.1,2.7,0.5071,6.39
-1.0,2.8,0.506,6.55
-0.9,2.9,0.5051,6.66
-0.8,3.0,0.5028,6.98
-1.8,2.1,0.5024,6.38
-1.9,2.0,0.5022,6.39
-2.0,1.9,0.5022,6.4
-1.7,2.2,0.502,6.38
-1.6,2.3,0.5019,6.37
-1.5,2.4,0.5017,6.35
-1.4,2.5,0.5008,6.35
-1.3,2.6,0.4995,6.5
-1.2,2.7,0.4991,6.65
-1.1,2.8,0.4979,6.81
-1.0,2.9,0.497,6.92
-0.9,3.0,0.4948,7.24
-1.8,2.2,0.4944,6.6
-1.9,2.1,0.4944,6.61
-2.0,2.0,0.4942,6.62
-1.7,2.3,0.494,6.6
-1.6,2.4,0.4934,6.59
-1.5,2.5,0.4924,6.58
-1.4,2.6,0.4912,6.73
-1.3,2.7,0.4907,6.89
-1.2,2.8,0.4896,7.04
-1.1,2.9,0.4888,7.16
-1.0,3.0,0.4866,7.47
-1.9,2.2,0.4842,6.91
-1.8,2.3,0.4842,6.9
-2.0,2.1,0.4842,6.92
-1.7,2.4,0.4837,6.9
-1.6,2.5,0.4827,6.9
-1.5,2.6,0.4815,7.04
-1.4,2.7,0.481,7.19
-1.3,2.8,0.4799,7.34
-1.2,2.9,0.4791,7.46
-1.1,3.0,0.477,7.77
-2.0,2.2,0.4769,7.16
-1.9,2.3,0.4769,7.15
-1.8,2.4,0.4769,7.14
-1.7,2.5,0.476,7.14
-1.6,2.6,0.4748,7.27
-1.5,2.7,0.4743,7.42
-1.4,2.8,0.4732,7.58
-1.3,2.9,0.4724,7.69
-1.9,2.4,0.4714,7.42
-2.0,2.3,0.4714,7.43
-1.8,2.5,0.4709,7.41
-1.2,3.0,0.4702,8.01
-1.7,2.6,0.4698,7.55
-1.6,2.7,0.4692,7.7
-1.5,2.8,0.468,7.85
-1.4,2.9,0.4672,7.97
-2.0,2.4,0.466,7.63
-1.9,2.5,0.4656,7.62
-1.3,3.0,0.465,8.28
-1.8,2.6,0.4649,7.75
-1.7,2.7,0.4644,7.9
-1.6,2.8,0.4632,8.05
-1.5,2.9,0.4623,8.18
-1.4,3.0,0.4601,8.49
-2.0,2.5,0.4549,7.85
-1.9,2.6,0.4542,7.97
-1.8,2.7,0.4542,8.12
-1.7,2.8,0.4532,8.27
-1.6,2.9,0.4522,8.4
-2.0,2.6,0.451,8.1
-1.9,2.7,0.4505,8.26
-1.5,3.0,0.4501,8.71
-1.8,2.8,0.4499,8.41
-1.7,2.9,0.449,8.53
-1.6,3.0,0.4473,8.86
-2.0,2.7,0.4448,8.41
-1.9,2.8,0.4438,8.56
-1.8,2.9,0.4428,8.7
-1.7,3.0,0.4412,9.02
-2.0,2.8,0.438,8.69
-1.9,2.9,0.4371,8.82
-1.8,3.0,0.4355,9.14
-2.0,2.9,0.4322,8.96
-1.9,3.0,0.4305,9.29
-2.0,3.0,0.4265,9.45
